ID,y
0,78.680015564
6,122.149658203
7,98.94556427
9,75.4255599976
13,83.9684371948
18,94.001625061
24,89.4664306641
25,91.2627487183
27,78.6113204956
30,89.7724304199
31,86.363319397
32,102.246437073
34,83.1252212524
36,102.50717926
37,101.298332214
38,92.7486724854
39,95.9080657959
40,95.068359375
44,77.8178939819
47,94.3196640015
48,100.732635498
49,100.677742004
50,83.8918533325
52,92.1065292358
54,100.148773193
60,84.6729202271
61,124.897590637
62,93.4740600586
66,81.0928115845
67,88.1725006104
68,90.7203521729
70,104.273887634
74,92.5507583618
75,100.627708435
79,94.5569381714
80,87.3128585815
81,95.4493408203
86,79.1416931152
90,100.529975891
92,88.7436218262
100,102.196617126
102,91.8740692139
106,82.2479019165
107,118.99987793
108,90.5182495117
109,76.8304214478
112,99.1476821899
116,98.198638916
118,116.367828369
119,96.2744903564
124,92.5647659302
125,88.4176712036
127,104.414588928
128,95.2163085938
129,94.307472229
130,102.762275696
131,88.4121704102
133,99.8544158936
134,97.9179000854
136,88.7721862793
139,89.1201477051
141,76.9749679565
143,83.0979385376
145,103.680686951
146,93.6214065552
147,98.3425140381
150,93.1611938477
151,85.540725708
152,79.2983322144
153,99.915512085
154,78.7436904907
158,122.09828949
159,101.726608276
160,93.8504714966
161,100.048942566
164,84.9800872803
165,99.4635925293
166,94.0234069824
168,94.1293411255
169,101.658470154
170,93.9372634888
171,101.138298035
173,104.21068573
174,94.3163452148
175,105.178787231
176,92.5158233643
177,100.060783386
178,78.7251968384
184,85.9668807983
186,93.0765304565
190,92.654083252
197,103.659614563
200,95.2999267578
202,99.5819473267
203,80.8620910645
207,84.3669815063
208,99.0479278564
209,85.090461731
212,84.3820266724
213,117.1459198
214,96.6045074463
215,97.1617050171
217,118.113822937
218,99.0134811401
222,95.5222854614
223,85.5516586304
224,119.180633545
225,99.7120437622
229,96.15574646
232,101.116470337
233,90.6613616943
234,125.809425354
237,94.2169647217
239,91.3017883301
240,105.367713928
241,98.9301757812
246,87.5744781494
252,107.992179871
255,108.70059967
260,88.8592910767
261,82.8240890503
263,106.723625183
264,86.491104126
265,118.97454834
268,93.3822174072
269,121.23739624
270,104.096504211
271,81.5456619263
274,94.4893569946
277,84.5868606567
278,92.4633636475
281,96.9410400391
282,80.9261627197
284,78.4470443726
286,83.9500961304
287,101.519180298
294,97.2621231079
295,80.8618392944
300,88.7988510132
301,100.544647217
302,79.4471511841
303,81.60521698
308,115.48500824
309,84.0123291016
310,98.9037322998
312,93.2335205078
315,98.2491912842
317,84.8862838745
318,99.7425689697
319,118.853546143
320,118.846389771
321,97.5303344727
322,108.260520935
323,97.843711853
325,95.8232116699
326,122.452476501
328,97.6450881958
331,96.981262207
332,98.0996780396
333,93.4824523926
334,98.4650268555
335,99.1237564087
336,80.7825546265
341,88.7767562866
342,97.0495986938
344,97.1416778564
348,99.5500869751
351,101.177787781
355,79.5541152954
356,100.760063171
359,99.6394195557
360,116.010757446
361,118.718994141
363,86.1135177612
369,95.7499389648
371,92.0074005127
372,100.661476135
374,115.084526062
375,78.5421829224
376,100.13697052
379,105.725883484
380,100.704444885
381,82.82056427
383,82.1673965454
385,95.7422561646
386,104.349205017
387,86.8133163452
388,99.7518997192
389,99.9502334595
391,89.4892578125
394,98.8458938599
397,105.344490051
398,98.8443527222
400,96.5435180664
401,85.9778060913
402,89.2885284424
403,104.42515564
404,122.09602356
405,91.3762817383
407,96.6342468262
411,96.3391952515
414,101.928070068
415,100.994857788
416,86.1132888794
417,97.3070907593
418,87.1605758667
422,100.741836548
423,94.6383743286
424,94.9523925781
425,87.020111084
426,95.7208480835
427,119.808486938
428,97.0031204224
429,108.062812805
431,119.917541504
432,114.192070007
433,81.6204910278
435,97.6905441284
441,81.7109146118
442,104.29914856
444,97.118927002
445,98.8642807007
447,100.050323486
449,110.407226562
450,99.4627380371
451,96.4673461914
454,93.3299255371
455,117.257637024
456,96.4002609253
461,93.2230377197
463,84.2355957031
466,95.3922653198
468,98.7420349121
469,100.497253418
470,84.4669799805
474,106.046730042
476,88.9462432861
477,97.6306533813
478,93.2102890015
479,107.577629089
481,93.8354263306
482,91.2771377563
483,97.444694519
484,101.410499573
485,93.9350738525
486,96.9795303345
487,115.208496094
489,95.4822845459
494,82.2726745605
495,91.8369598389
496,104.139770508
503,112.060806274
504,101.64655304
505,106.814102173
507,111.658851624
508,87.5846633911
509,96.9673843384
513,87.3176040649
514,85.3670120239
515,101.937065125
517,101.446533203
520,91.8421783447
523,92.3128509521
524,89.8653945923
525,81.2173995972
527,95.275352478
528,113.356422424
530,93.5401611328
531,91.4605331421
534,99.1311416626
535,104.401824951
538,123.427902222
542,97.0393753052
544,99.0550994873
545,91.9098358154
549,99.8056564331
550,91.6203689575
553,96.4902496338
554,97.6335830688
555,118.495956421
561,114.923423767
563,95.9577026367
564,95.1060714722
565,106.178413391
567,108.691955566
568,84.4988861084
569,104.433830261
574,97.1597366333
578,100.421417236
582,94.6377334595
583,118.512580872
584,83.3687362671
585,95.9334487915
586,96.849937439
587,92.0285186768
588,92.832824707
590,96.9412841797
592,83.0060806274
596,87.6668243408
597,96.436630249
599,104.238471985
600,97.526802063
601,82.4613265991
603,83.5614547729
605,100.87348175
607,99.9622192383
611,105.417709351
612,97.0393753052
613,95.2635498047
614,102.85521698
615,120.805305481
619,97.2470626831
621,104.841629028
625,82.72605896
627,95.8183135986
631,93.577796936
632,101.559883118
633,96.8178482056
634,93.1720962524
635,101.027137756
636,97.753112793
639,97.0021133423
640,97.1378326416
641,86.276184082
642,96.0468063354
644,101.958183289
647,92.7061309814
649,94.3273849487
650,96.6330108643
651,112.929985046
655,93.8616027832
658,96.7568435669
661,99.9349136353
662,97.3629837036
665,92.6402130127
667,83.0396270752
670,118.58026123
672,92.9042358398
673,92.2841644287
674,102.092918396
676,89.6064376831
680,82.9038467407
681,101.85055542
683,102.399993896
684,82.8448562622
686,99.4172515869
689,83.8902435303
690,85.0425796509
691,98.7564163208
692,98.9667205811
694,116.558296204
695,120.841751099
697,98.9571914673
699,90.745262146
700,99.1517715454
702,98.3076553345
703,96.4224700928
706,91.2249984741
707,120.139709473
708,92.2512817383
713,83.2519989014
718,87.3742141724
719,101.225242615
722,102.552955627
723,95.1787643433
727,114.948829651
729,85.945640564
730,82.9546127319
732,97.9958267212
733,99.0152816772
735,98.8834152222
736,116.39125824
737,82.9396438599
739,110.005821228
740,99.9588851929
741,87.93775177
742,98.1984481812
743,91.0666275024
744,91.5452728271
747,100.608901978
748,104.526016235
749,94.1417999268
750,99.2329559326
752,86.7338409424
753,107.572479248
755,99.7749557495
757,92.4759597778
760,99.6717147827
762,93.9431915283
763,87.3676757812
764,99.1237716675
765,92.7655639648
775,99.0503311157
778,106.448661804
779,103.096092224
781,100.705909729
783,85.2906570435
784,90.2445755005
785,89.4061889648
786,99.6107254028
789,99.4030380249
790,93.2565612793
791,119.999794006
794,95.4636688232
795,103.742225647
796,86.8085174561
797,91.4311141968
799,99.3745269775
801,87.293296814
802,87.8460769653
803,95.1701812744
804,101.232093811
805,106.679618835
807,99.6775436401
808,114.519111633
810,95.4233093262
813,103.430465698
815,98.8177871704
819,89.3759689331
821,100.73085022
822,100.146682739
824,99.2006530762
825,115.779037476
826,91.6102676392
827,93.6093902588
828,104.339332581
832,85.7218399048
833,94.6617736816
835,86.8532562256
836,101.236793518
837,91.864074707
838,96.5441589355
840,84.573348999
842,90.0486755371
843,87.2815475464
846,100.257377625
847,97.0010986328
849,104.445930481
853,102.677093506
857,87.5881652832
858,94.0110626221
860,113.756698608
862,101.85030365
863,99.2036209106
868,96.8994674683
870,87.4718322754
873,96.6507034302
874,92.6036453247
875,102.162445068
876,102.408416748
877,87.8607406616
878,102.437355042
879,101.232757568
880,99.5344619751
881,99.4061431885
884,87.7173843384
886,99.0471191406
887,97.4055023193
889,105.631134033
890,88.6364364624
891,118.443092346
892,103.101158142
894,86.8982467651
895,105.935501099
896,100.046989441
897,91.1431045532
898,93.2201843262
899,90.0600357056
900,94.112701416
902,88.9523696899
906,97.3834762573
907,94.0988998413
908,96.3550491333
909,103.490524292
912,102.183883667
913,99.3838500977
915,102.089828491
916,97.168800354
917,88.2831192017
919,99.9700317383
920,102.443351746
922,103.687019348
923,91.2071762085
924,99.3485717773
925,99.0915145874
926,111.806617737
927,104.622131348
930,101.413284302
931,105.980125427
936,99.9337310791
938,94.4360275269
945,99.6530151367
946,101.263664246
948,86.493637085
950,100.429908752
955,115.324943542
956,115.913726807
958,122.127716064
961,101.034065247
962,105.668525696
964,85.5442657471
966,97.4563827515
968,101.250205994
969,88.5440368652
970,113.547393799
976,102.960044861
977,96.2468948364
979,99.2331619263
982,96.7071228027
983,102.270942688
985,97.2615661621
987,99.0808868408
991,101.910972595
993,105.384994507
994,81.9523162842
995,93.8871765137
997,94.5699005127
998,96.5858230591
1005,106.539657593
1006,100.375190735
1007,96.5767745972
1011,100.941795349
1017,101.381996155
1018,101.237197876
1023,90.5475845337
1026,106.735137939
1031,94.8817672729
1032,97.2118606567
1034,97.1755371094
1035,94.2827606201
1039,101.998062134
1040,101.044380188
1041,94.5449752808
1046,83.4485778809
1048,99.8226776123
1049,105.373146057
1052,102.178924561
1053,104.698020935
1055,101.70059967
1058,98.9098052979
1060,100.705192566
1061,102.756782532
1065,103.175056458
1067,121.269104004
1068,105.254234314
1069,90.432220459
1071,100.717086792
1072,98.3344726562
1073,85.3726959229
1074,103.028511047
1075,101.593254089
1079,84.7718353271
1081,92.2464523315
1084,104.885017395
1085,101.105392456
1086,97.9736862183
1087,91.4831771851
1088,103.51651001
1090,97.2964630127
1092,100.739189148
1094,97.1727676392
1095,98.4413452148
1096,93.7190246582
1098,101.927871704
1100,97.5272903442
1102,93.8724517822
1105,89.9747390747
1107,90.572845459
1108,104.07321167
1113,97.1563034058
1115,118.15978241
1118,98.1565475464
1119,98.0081100464
1121,87.2238235474
1122,104.026618958
1123,97.4562072754
1127,91.0342330933
1128,100.522926331
1129,117.295501709
1130,107.777084351
1131,102.862297058
1132,97.7127685547
1133,91.1197967529
1135,102.867668152
1136,100.847434998
1139,106.635810852
1140,97.3375167847
1141,91.694480896
1142,93.6397781372
1143,92.7346115112
1147,97.7528457642
1149,91.5638961792
1151,98.1568450928
1156,102.620613098
1158,91.9800567627
1159,102.051765442
1160,97.4010314941
1161,91.6936569214
1163,95.9260559082
1164,101.181472778
1170,118.156700134
1175,102.55947113
1179,101.895973206
1180,98.0125579834
1181,88.7938766479
1183,87.9976882935
1184,96.3998794556
1185,97.6171951294
1190,102.504455566
1193,100.342758179
1194,115.295524597
1195,97.5167236328
1196,100.97492218
1199,103.801139832
1202,96.5637969971
1204,102.390960693
1205,90.3602218628
1206,98.5234680176
1207,95.5301971436
1208,98.1199111938
1210,88.720199585
1211,96.9308776855
1212,95.2495574951
1213,118.734161377
1215,118.78012085
1216,94.1375274658
1217,102.169303894
1219,106.452415466
1220,102.246444702
1221,105.060180664
1223,97.8061294556
1224,90.2948379517
1225,122.215057373
1227,101.026832581
1229,95.031578064
1231,97.8143463135
1234,120.906044006
1235,90.333480835
1237,103.468856812
1239,87.0553283691
1240,119.914077759
1242,102.920860291
1243,117.27596283
1245,104.196075439
1248,97.6738891602
1249,102.761695862
1252,102.747932434
1253,92.3025817871
1261,100.52293396
1262,91.2707443237
1264,95.3050918579
1265,102.477058411
1266,94.625328064
1269,91.20287323
1270,101.642532349
1273,94.0168991089
1278,119.047050476
1280,89.7956771851
1284,104.23500824
1287,106.120376587
1288,88.1369628906
1290,102.767158508
1291,97.8030700684
1292,124.665077209
1293,101.362030029
1294,96.8636856079
1295,105.567962646
1297,91.5003204346
1298,102.257530212
1300,89.5610351562
1302,106.130302429
1303,102.314025879
1304,99.1377334595
1305,94.6064529419
1309,104.674240112
1310,85.1477737427
1311,96.2303695679
1312,98.529296875
1318,106.025421143
1320,89.0004577637
1321,97.9940414429
1322,97.5449295044
1326,97.5891342163
1327,102.724197388
1333,96.0871353149
1334,108.080963135
1335,105.459938049
1336,101.710472107
1341,102.319839478
1342,115.011878967
1344,88.1564559937
1345,102.319892883
1346,101.779167175
1350,104.95198822
1351,104.150642395
1353,100.588317871
1355,98.9650268555
1356,101.408218384
1357,103.998512268
1358,95.9422988892
1361,93.7485580444
1362,102.059486389
1367,98.3436813354
1368,97.7983474731
1369,99.3407669067
1370,94.0014266968
1371,90.6898727417
1373,94.7941436768
1374,101.443061829
1377,99.6919631958
1382,108.127761841
1383,101.87297821
1385,106.503196716
1386,102.972183228
1389,89.9745101929
1390,103.525306702
1391,115.392333984
1393,95.39037323
1397,87.0325775146
1402,97.9254989624
1405,105.290977478
1409,114.744949341
1411,104.056053162
1414,106.690429688
1416,94.7423019409
1417,97.8590927124
1418,100.78301239
1419,101.053718567
1421,105.073135376
1428,109.170578003
1433,104.485351562
1435,102.228942871
1436,94.4869308472
1439,95.4053192139
1443,100.043495178
1447,106.209892273
1449,101.26599884
1450,105.930877686
1451,95.5248641968
1452,106.353141785
1457,88.0598754883
1460,104.832702637
1462,104.596885681
1463,102.879074097
1464,105.715080261
1467,105.596542358
1468,103.554359436
1470,91.8528289795
1471,106.286743164
1473,107.438247681
1475,96.08203125
1476,95.7173156738
1478,110.319900513
1480,88.3052978516
1481,104.888786316
1484,114.490112305
1485,96.0013809204
1486,105.698791504
1489,104.069503784
1491,105.550491333
1493,111.244888306
1495,103.315612793
1498,110.699676514
1500,98.1246414185
1501,94.5226135254
1503,100.914909363
1504,98.3801803589
1505,105.799514771
1506,99.9167556763
1510,115.408493042
1515,111.607383728
1516,100.98575592
1517,97.0139007568
1520,120.529045105
1521,94.8981704712
1523,87.1352996826
1525,94.7642593384
1526,100.620437622
1528,102.414794922
1530,108.597351074
1531,116.194000244
1533,103.736915588
1534,120.079795837
1535,104.909683228
1538,106.187263489
1540,88.9488830566
1541,107.068084717
1546,114.323997498
1547,101.354515076
1548,86.0922241211
1549,111.447250366
1552,95.3317871094
1553,95.3155517578
1555,107.142593384
1557,94.8391189575
1558,109.079109192
1561,100.252571106
1563,101.473167419
1564,89.0251617432
1565,103.629066467
1568,106.643974304
1572,99.5564575195
1573,114.874107361
1575,89.5137939453
1576,106.571418762
1577,91.3169708252
1579,94.4531784058
1581,112.739303589
1582,101.55140686
1589,95.6029586792
1591,114.224182129
1593,102.137390137
1594,95.0662612915
1595,100.891716003
1597,106.072387695
1600,114.937797546
1601,100.989570618
1602,108.542510986
1603,104.931716919
1605,101.06539917
1610,100.471908569
1612,98.9996566772
1614,96.7541732788
1615,109.433578491
1617,97.6039657593
1618,105.803596497
1623,102.115104675
1624,107.569717407
1626,106.827857971
1628,97.2262802124
1630,107.264755249
1631,105.015403748
1632,97.3007278442
1633,94.1058273315
1635,103.933982849
1637,107.740600586
1640,100.084159851
1642,96.869392395
1649,93.5530700684
1650,93.7572402954
1651,109.025100708
1654,118.046646118
1655,99.5139923096
1657,106.807518005
1660,108.834686279
1662,96.4041671753
1671,93.4735107422
1673,96.4625244141
1675,109.207710266
1676,93.4004364014
1681,102.924308777
1682,109.077972412
1684,93.8189620972
1685,108.140975952
1688,114.83946991
1694,98.454246521
1698,109.354522705
1699,94.0206375122
1705,91.8288497925
1709,125.260505676
1712,98.330581665
1714,106.519363403
1715,111.821868896
1716,107.494529724
1718,98.4831466675
1721,108.451293945
1723,99.1835861206
1724,104.436050415
1728,98.1797409058
1732,91.456741333
1736,105.919891357
1737,94.9000930786
1739,112.54800415
1740,111.18585968
1741,105.86832428
1743,110.874481201
1744,106.952537537
1746,110.597610474
1748,95.2758560181
1750,126.620361328
1757,101.195625305
1765,120.09021759
1767,108.381278992
1770,98.2320556641
1776,98.6858062744
1778,97.8884429932
1781,122.126159668
1782,109.05859375
1783,101.519035339
1784,111.718513489
1785,94.8949813843
1786,94.8574981689
1789,127.188430786
1791,94.2238769531
1792,92.8909835815
1793,105.392044067
1794,104.411262512
1795,92.4102859497
1797,130.198654175
1798,110.699020386
1799,98.2688293457
1800,108.780654907
1802,113.933807373
1804,104.189094543
1805,103.136291504
1806,132.40776062
1808,97.925239563
1810,95.5957260132
1811,111.502754211
1817,108.630310059
1819,107.997970581
1823,102.897125244
1824,95.9952774048
1827,101.699447632
1829,98.7113723755
1830,109.70476532
1832,104.877250671
1833,115.34539032
1834,106.382804871
1835,114.303604126
1838,94.4157104492
1839,102.914955139
1840,108.90763855
1842,109.395126343
1843,120.297531128
1845,97.8986740112
1846,102.948745728
1847,94.4884185791
1849,105.314598083
1850,121.054580688
1855,104.124290466
1857,93.9142990112
1858,110.260017395
1862,97.9151916504
1864,98.0786056519
1869,105.731544495
1870,105.746009827
1871,106.355323792
1873,115.462371826
1874,108.918243408
1875,109.372901917
1876,98.7716751099
1877,98.5321044922
1878,93.0076675415
1881,105.887969971
1883,119.736366272
1884,91.7548904419
1886,98.6273193359
1889,93.6338195801
1891,101.989265442
1892,103.523750305
1893,91.2799301147
1898,109.115936279
1899,102.083328247
1903,91.9027786255
1904,93.984916687
1907,108.540374756
1908,102.700172424
1909,101.851364136
1910,105.056922913
1911,92.884513855
1913,93.0505065918
1914,100.356040955
1919,101.269950867
1921,96.5029296875
1922,103.086166382
1926,122.518730164
1927,96.3536453247
1928,120.736160278
1929,118.477264404
1931,106.704673767
1936,94.2718811035
1937,120.543144226
1938,110.688278198
1939,103.332580566
1946,100.452194214
1947,107.576965332
1950,109.194190979
1951,109.596801758
1953,111.404815674
1956,109.388183594
1957,105.227249146
1961,121.258277893
1962,101.662750244
1964,105.198608398
1966,126.867881775
1967,106.521644592
1970,105.269821167
1974,108.93082428
1976,100.585334778
1980,106.628692627
1983,96.4744949341
1984,104.526634216
1985,105.199104309
1986,104.12286377
1989,108.532829285
1990,98.7846984863
1991,97.3966064453
1992,107.315849304
1994,110.454154968
1995,105.321296692
1996,102.676521301
1998,98.6052322388
2000,97.1785049438
2005,101.462478638
2008,118.511978149
2011,94.6840286255
2012,103.385513306
2014,103.134803772
2015,107.477531433
2016,107.529212952
2017,101.204116821
2019,94.5403594971
2020,93.2936477661
2021,100.510421753
2023,98.9986801147
2027,100.550514221
2028,113.450141907
2029,106.982521057
2034,103.903747559
2038,104.704696655
2039,95.875793457
2041,98.2326660156
2042,119.243484497
2045,101.044395447
2047,94.9024658203
2048,101.054420471
2049,116.019538879
2050,119.882499695
2051,92.1472549438
2052,98.776008606
2053,106.684082031
2057,98.2044143677
2058,98.9787979126
2061,109.399795532
2064,92.9965133667
2065,119.984695435
2068,98.7583007812
2069,118.599586487
2070,107.570549011
2071,109.559936523
2077,94.2208175659
2078,105.916534424
2079,107.16784668
2081,106.022026062
2083,99.0447998047
2084,107.775192261
2086,98.3554763794
2088,95.5663757324
2089,104.559013367
2090,107.746917725
2094,97.6291885376
2095,93.4527359009
2096,105.512550354
2097,99.5977401733
2099,104.365066528
2100,105.153617859
2104,105.101722717
2108,103.878051758
2109,110.252975464
2111,93.2208023071
2112,96.4452514648
2113,102.894935608
2116,104.866897583
2121,98.373878479
2124,104.938011169
2125,103.915435791
2130,102.530487061
2131,102.639640808
2133,119.343017578
2134,92.2439193726
2136,92.4663619995
2137,102.533065796
2140,111.518089294
2143,113.047447205
2144,104.044059753
2145,112.582672119
2147,106.230857849
2148,103.338996887
2149,99.9081192017
2150,103.268440247
2152,104.531143188
2153,121.585891724
2154,103.56401825
2155,126.405105591
2156,103.502693176
2158,97.2150344849
2160,101.257164001
2161,112.047584534
2163,102.353614807
2165,105.50302887
2166,104.837654114
2169,94.7312393188
2170,111.820571899
2172,120.687942505
2176,105.663650513
2177,105.285850525
2179,105.698730469
2181,105.033988953
2182,121.378456116
2183,108.45664978
2184,103.132835388
2186,108.569015503
2187,102.911735535
2188,100.040473938
2191,99.8259963989
2193,103.905906677
2195,103.092254639
2196,93.5288009644
2197,111.621437073
2198,108.034683228
2199,96.1371307373
2202,92.3373794556
2206,119.387237549
2207,107.372108459
2208,110.98248291
2210,91.9862136841
2211,108.056938171
2212,99.9822463989
2217,100.816688538
2221,104.965484619
2224,105.652641296
2227,107.660507202
2228,92.2321624756
2229,99.3276748657
2231,94.8937301636
2232,98.4405059814
2238,107.686767578
2239,103.209350586
2242,99.5856399536
2243,103.217185974
2244,101.018486023
2245,118.622177124
2246,129.164627075
2247,102.608512878
2251,90.8770141602
2255,96.5553436279
2257,95.2388381958
2260,102.240707397
2261,102.465354919
2263,121.757743835
2264,106.462127686
2267,110.168075562
2268,98.2784423828
2270,103.212760925
2272,105.434150696
2276,112.365882874
2278,105.882072449
2281,111.713745117
2284,119.004081726
2285,102.957527161
2286,103.843711853
2287,101.35344696
2290,101.1953125
2293,102.99962616
2294,116.637443542
2295,106.347106934
2296,108.886741638
2302,96.8073120117
2303,101.36101532
2307,104.229362488
2310,109.184432983
2313,100.256271362
2314,104.98765564
2315,96.0497512817
2317,126.761352539
2318,110.679885864
2319,99.947479248
2320,98.8468093872
2323,104.114959717
2324,98.0143814087
2327,125.878860474
2328,93.2309799194
2336,103.05670166
2339,109.37713623
2341,105.200302124
2343,125.26965332
2344,104.769744873
2346,109.272689819
2347,102.637504578
2348,105.281730652
2350,108.14151001
2353,102.426116943
2356,105.033103943
2359,106.668083191
2362,99.7388381958
2363,101.070602417
2365,100.342933655
2367,102.029029846
2368,96.6983718872
2372,109.500076294
2375,105.39503479
2377,96.3349838257
2379,106.538658142
2380,108.611557007
2381,98.9214706421
2384,111.588722229
2385,102.605079651
2388,99.0089569092
2391,112.073745728
2393,103.540168762
2394,102.205657959
2395,101.805900574
2396,100.366378784
2397,97.6876144409
2403,108.912269592
2405,108.582954407
2406,110.554527283
2410,106.723495483
2411,95.1396331787
2414,110.319862366
2416,104.161109924
2417,103.006164551
2418,107.942695618
2419,97.1851806641
2421,94.1276931763
2424,105.963005066
2425,103.110671997
2427,101.453704834
2428,102.705879211
2429,107.213539124
2430,105.11340332
2431,107.907775879
2433,102.095176697
2437,100.78175354
2439,96.2322998047
2441,105.736022949
2442,100.784881592
2445,104.355575562
2446,105.997459412
2448,99.8022079468
2449,124.131271362
2451,107.799728394
2452,105.485710144
2453,106.802947998
2456,101.25592041
2457,97.8025741577
2458,95.8428039551
2461,94.4439468384
2462,107.77532196
2464,124.825889587
2466,107.527832031
2467,108.132423401
2470,108.35533905
2471,105.017654419
2472,99.2639312744
2473,127.564552307
2475,107.593902588
2476,99.1461715698
2477,114.282012939
2479,98.0939102173
2482,112.109466553
2483,119.298332214
2484,101.144363403
2485,126.425346375
2486,96.8930740356
2487,94.4651107788
2488,105.373207092
2491,103.860969543
2493,106.45904541
2494,118.906929016
2495,103.194419861
2498,96.2257080078
2499,106.000663757
2501,101.495956421
2502,110.865280151
2503,102.840530396
2504,112.900741577
2506,98.3474578857
2511,104.994178772
2512,107.40057373
2514,106.203063965
2516,99.4171142578
2517,122.10786438
2522,118.985916138
2524,96.4877471924
2526,98.1195755005
2527,106.808784485
2528,111.493164062
2531,96.7273254395
2532,108.291748047
2534,121.806533813
2536,118.803825378
2537,104.307556152
2539,102.116317749
2540,111.521835327
2541,101.750480652
2542,95.9426422119
2543,108.016319275
2545,103.973861694
2546,109.636192322
2547,98.0258560181
2548,102.140266418
2549,92.8876724243
2550,105.325874329
2551,105.182296753
2552,97.0796203613
2554,93.6602020264
2555,97.869468689
2557,110.850624084
2566,99.4463729858
2568,100.307929993
2569,98.2447814941
2570,96.8031005859
2571,97.2416610718
2573,106.201248169
2574,111.461410522
2581,103.097541809
2584,108.738502502
2585,97.2023162842
2586,111.163787842
2588,106.476165771
2592,97.6405563354
2593,101.518638611
2595,106.027114868
2596,94.8977432251
2601,103.723617554
2605,106.571563721
2609,110.988426208
2610,112.59197998
2611,94.1216506958
2612,95.6420135498
2616,98.2959823608
2618,94.2590103149
2619,124.87046814
2621,102.134513855
2622,97.6990737915
2625,112.318847656
2626,95.7453689575
2628,94.8667678833
2631,105.416717529
2633,98.5617752075
2634,92.2047424316
2635,96.7265167236
2637,105.864440918
2638,126.246620178
2641,103.699584961
2643,102.577560425
2645,122.33568573
2648,100.304603577
2651,101.024116516
2654,106.179634094
2656,94.6305007935
2658,93.8907852173
2660,103.955451965
2661,123.282287598
2666,94.1553878784
2667,126.148994446
2668,94.2549057007
2669,105.549278259
2673,114.192932129
2674,92.8446884155
2676,102.920761108
2678,97.5222396851
2680,94.745300293
2681,108.19065094
2682,103.525985718
2686,96.0804672241
2687,94.1100692749
2691,94.8051528931
2692,97.8552932739
2695,96.090171814
2696,112.327636719
2698,103.878242493
2700,107.970672607
2701,96.7545700073
2702,95.9582977295
2704,108.731658936
2706,92.3017807007
2707,124.630867004
2708,93.9553833008
2716,108.648628235
2719,96.6773529053
2722,109.673042297
2723,103.213264465
2724,112.800788879
2725,100.307037354
2727,103.281570435
2729,103.260009766
2730,95.2468490601
2733,130.504425049
2735,103.454879761
2740,93.9424743652
2741,102.401229858
2742,96.0601577759
2743,106.607833862
2744,102.510185242
2745,107.736282349
2747,126.007316589
2748,93.0183792114
2750,98.5854415894
2754,107.579460144
2755,93.1015701294
2756,94.7103118896
2761,95.9031295776
2763,93.8927078247
2766,122.18106842
2767,105.180480957
2768,102.59009552
2770,100.59928894
2772,96.9769592285
2773,108.448562622
2775,111.001708984
2780,96.3798294067
2781,111.163993835
2783,95.9312362671
2785,103.011146545
2786,97.5860977173
2788,100.113327026
2790,96.5911254883
2791,107.25327301
2793,106.940299988
2794,102.346748352
2795,107.857719421
2796,107.587257385
2797,102.749290466
2803,104.21308136
2805,102.930412292
2806,94.5651931763
2810,100.121490479
2813,107.917289734
2815,104.25604248
2819,110.449134827
2825,103.7501297
2827,100.366531372
2828,105.949653625
2830,109.480895996
2831,102.265426636
2832,98.0045852661
2833,111.65083313
2836,111.334335327
2837,94.6331253052
2843,96.7091217041
2844,102.953514099
2845,94.311958313
2847,128.566375732
2852,99.5100402832
2855,95.3084793091
2856,99.3702697754
2857,96.7258300781
2859,103.053092957
2860,104.780700684
2862,108.852905273
2863,97.854598999
2869,124.555755615
2871,124.147224426
2872,108.680252075
2873,101.835868835
2874,97.9649658203
2875,99.3005065918
2876,98.8175964355
2879,101.747879028
2881,99.3224334717
2886,103.832481384
2894,99.8751296997
2895,101.56615448
2896,125.297386169
2897,100.545448303
2902,96.5166473389
2903,103.920043945
2904,107.06325531
2905,96.0735397339
2906,104.542556763
2907,99.7719955444
2908,105.228240967
2912,101.401130676
2915,99.8508453369
2916,103.529502869
2917,107.791633606
2924,101.449707031
2928,101.102386475
2930,97.9958496094
2931,95.9169464111
2932,102.995742798
2935,97.7026748657
2937,112.364685059
2938,125.821990967
2939,100.086273193
2940,104.958496094
2944,108.487892151
2946,94.7959060669
2947,97.7741394043
2948,100.122467041
2949,93.2376022339
2952,123.19618988
2957,113.818664551
2958,110.669769287
2959,115.05632019
2961,101.740104675
2965,97.1463012695
2970,101.172370911
2973,97.7743911743
2976,93.9674377441
2978,98.0910873413
2979,93.2620315552
2982,108.614425659
2988,116.929992676
2993,100.795906067
2994,103.615921021
2997,104.858161926
2998,112.783424377
2999,114.92855835
3000,97.4986572266
3001,122.991889954
3003,101.473045349
3007,108.725532532
3008,98.5038299561
3009,108.291999817
3012,98.8156356812
3013,102.612548828
3019,101.590103149
3020,103.349906921
3022,100.009307861
3023,101.005195618
3025,123.447418213
3026,105.136871338
3027,108.719146729
3029,106.753868103
3031,113.129936218
3033,104.314201355
3034,123.768424988
3035,114.991500854
3036,100.22592926
3037,98.7049484253
3038,117.330253601
3042,102.108573914
3045,99.1973571777
3047,97.5433731079
3048,107.088302612
3049,97.775177002
3050,133.641723633
3051,102.1301651
3052,121.435203552
3053,95.1205215454
3054,102.935272217
3057,100.164733887
3060,100.781486511
3062,96.287651062
3064,100.413749695
3065,125.848960876
3070,101.076812744
3071,101.098335266
3075,105.144973755
3076,90.4636306763
3078,99.8623428345
3079,112.018943787
3080,100.992126465
3081,103.123847961
3083,101.71421814
3086,96.8212280273
3087,113.667526245
3089,92.6708450317
3090,99.4728012085
3095,113.350654602
3099,92.4383773804
3100,95.2195663452
3101,101.720687866
3103,96.6573410034
3104,102.027633667
3105,98.153755188
3107,117.946151733
3108,129.093414307
3110,95.1385421753
3114,101.864967346
3118,97.0603256226
3119,104.714515686
3120,100.638465881
3128,123.122673035
3131,99.0782852173
3133,92.0229644775
3136,94.97265625
3139,101.83757782
3141,98.2063446045
3142,101.453071594
3143,95.5646972656
3153,99.7906265259
3154,100.489082336
3157,111.278579712
3158,99.5937042236
3160,106.750564575
3164,106.290756226
3166,125.243583679
3167,110.912414551
3168,96.7308349609
3169,93.5589523315
3170,97.6467132568
3171,111.856742859
3174,91.0143890381
3175,118.132087708
3178,100.639045715
3180,102.365394592
3181,105.419235229
3182,109.579376221
3184,125.268981934
3185,94.7566223145
3188,113.533416748
3191,99.7952270508
3195,97.1116027832
3196,99.5877380371
3199,129.589950562
3203,99.3505783081
3207,100.073707581
3209,112.676399231
3215,97.4622421265
3217,96.6029281616
3218,93.5299301147
3222,104.013900757
3223,100.463363647
3224,105.760261536
3225,104.0987854
3230,101.066505432
3231,93.2518920898
3235,102.844238281
3237,124.378334045
3241,105.379753113
3242,101.127632141
3243,96.1103897095
3244,99.7462997437
3245,103.818161011
3246,90.8691940308
3248,99.0459823608
3250,100.574325562
3251,105.308784485
3258,126.634773254
3259,97.0288696289
3260,113.81085968
3261,104.687950134
3265,120.652076721
3268,100.334899902
3270,91.7933425903
3271,113.513221741
3273,91.9337692261
3276,101.035629272
3278,101.679573059
3281,101.916984558
3282,108.652267456
3284,102.468544006
3286,106.805641174
3289,88.764793396
3292,128.947937012
3293,120.081832886
3294,101.123100281
3295,100.052528381
3296,112.003059387
3297,101.404510498
3300,107.371711731
3301,99.1947479248
3305,99.7011489868
3306,100.43283844
3308,98.1169204712
3310,101.329574585
3311,99.828742981
3312,101.08706665
3313,93.4761123657
3315,102.72958374
3318,108.551239014
3323,101.960449219
3325,100.248802185
3327,94.7707443237
3328,93.5725631714
3332,97.492515564
3333,107.313735962
3334,95.8096160889
3336,105.001976013
3342,103.561645508
3344,101.461288452
3345,98.229675293
3347,115.47441864
3349,127.934074402
3350,120.679580688
3353,90.7418670654
3354,105.212356567
3357,92.0120162964
3361,91.4594039917
3362,90.9669952393
3363,102.139526367
3364,101.272903442
3365,98.6424179077
3366,89.8117675781
3367,90.9595565796
3368,99.9925003052
3369,97.4362411499
3370,117.772926331
3373,94.1739501953
3375,104.84563446
3376,119.208450317
3379,100.000556946
3381,108.909370422
3383,102.164253235
3384,104.565002441
3385,92.1958770752
3387,96.6008453369
3388,98.7005157471
3390,103.317779541
3392,119.526573181
3396,98.8380813599
3401,119.55947113
3402,101.024124146
3403,111.960655212
3405,94.0085449219
3406,100.555351257
3408,101.357307434
3410,119.341773987
3411,97.2228088379
3412,91.1578063965
3413,94.0483322144
3414,93.5381011963
3415,98.1383056641
3416,104.982780457
3417,98.9795761108
3418,124.520271301
3420,101.395301819
3422,104.871292114
3423,119.709892273
3424,107.209648132
3426,98.2142105103
3430,121.861167908
3432,92.2237930298
3433,89.8635025024
3434,102.842811584
3437,112.836685181
3438,106.848594666
3440,97.3966674805
3447,100.598945618
3448,124.681770325
3450,102.394203186
3451,105.7395401
3452,100.107894897
3454,119.208984375
3455,100.453605652
3456,99.7016906738
3458,105.468612671
3459,94.9638900757
3463,100.851074219
3471,99.5239486694
3474,103.092353821
3477,89.2799758911
3480,124.772285461
3481,91.2055740356
3482,105.0887146
3486,104.32988739
3489,109.800064087
3490,124.777160645
3491,99.4262237549
3492,95.8119888306
3493,102.378959656
3494,99.094619751
3495,106.925506592
3498,98.0462341309
3502,96.7383651733
3503,118.244148254
3505,117.76424408
3506,92.0828781128
3507,95.9141464233
3509,102.797889709
3510,98.3520736694
3513,112.905380249
3514,121.279716492
3516,94.9417877197
3519,96.0264663696
3520,119.150375366
3521,104.967582703
3522,103.708244324
3523,104.018997192
3524,121.381759644
3525,96.4726791382
3527,90.7059555054
3541,100.19418335
3542,98.3929977417
3543,106.439605713
3544,99.429725647
3547,93.448638916
3548,99.2269439697
3549,109.589706421
3552,96.7921524048
3555,92.0244979858
3556,94.0782089233
3560,91.55078125
3566,111.580566406
3568,97.0827407837
3569,94.3144378662
3570,93.0536575317
3573,94.4041976929
3575,104.243232727
3580,108.853340149
3581,99.3727645874
3582,121.21182251
3584,96.6365432739
3588,101.506126404
3589,99.9352874756
3590,95.4463348389
3591,99.7988128662
3592,108.612876892
3596,93.7314834595
3597,98.7471694946
3598,122.545173645
3603,97.6290512085
3605,107.617416382
3606,100.107460022
3607,102.451911926
3608,98.2020721436
3611,121.716239929
3613,100.557319641
3616,107.243431091
3622,101.227180481
3623,97.9067459106
3624,95.2610244751
3627,97.460067749
3628,105.581420898
3629,98.8126144409
3635,117.677726746
3636,104.607597351
3638,105.922538757
3642,101.21308136
3643,99.3967895508
3649,107.563926697
3650,94.4105148315
3651,111.704750061
3652,101.25818634
3656,94.3033828735
3657,98.1686172485
3658,108.693656921
3661,94.3283233643
3663,97.9879074097
3664,100.713294983
3665,90.6176300049
3667,106.66456604
3669,95.8551864624
3670,103.256614685
3672,107.392501831
3676,117.952392578
3677,107.043411255
3678,106.826438904
3679,116.169158936
3680,101.178581238
3683,108.669944763
3684,96.3598861694
3685,94.2195663452
3688,103.827919006
3689,98.2887115479
3690,104.905097961
3691,101.32484436
3693,98.8679199219
3694,96.5553970337
3697,98.0843811035
3698,108.563858032
3700,94.3155212402
3701,107.791625977
3702,94.3266143799
3703,97.2534484863
3704,96.4331665039
3706,116.621986389
3711,111.208892822
3713,96.2219009399
3714,90.5094070435
3717,104.486152649
3718,89.89818573
3719,115.768493652
3721,92.6624526978
3723,103.115623474
3724,118.614891052
3725,99.2280578613
3727,103.41784668
3730,104.855186462
3732,91.1280288696
3733,101.353729248
3734,110.82183075
3737,118.517860413
3738,98.6848831177
3740,95.1603927612
3742,118.631767273
3747,97.9164810181
3748,96.2411117554
3749,96.8684005737
3750,117.105064392
3752,100.310997009
3754,98.8849716187
3755,90.5480575562
3756,104.894104004
3757,92.6382598877
3758,98.8623046875
3759,105.522499084
3764,118.275291443
3766,108.809196472
3767,95.0523834229
3771,98.4869232178
3772,98.3212051392
3775,121.731216431
3777,103.575630188
3785,97.0760269165
3787,94.6088180542
3788,94.7461242676
3791,108.104881287
3792,107.098396301
3794,117.818664551
3796,96.9246749878
3799,91.5981521606
3801,96.0483093262
3802,91.4142074585
3803,99.5078201294
3805,112.079193115
3806,97.2383346558
3807,95.6285476685
3808,103.991218567
3809,122.073959351
3811,98.4473571777
3812,95.0007095337
3813,98.0419845581
3814,92.8472442627
3817,98.4961013794
3819,90.5836410522
3820,121.703704834
3821,98.6294250488
3822,97.2961578369
3823,95.6956253052
3825,98.4840393066
3826,121.713447571
3827,105.838623047
3829,97.0826568604
3833,95.3916244507
3837,93.7466278076
3841,96.5392227173
3842,97.231918335
3843,107.318222046
3844,99.2207870483
3848,98.1197891235
3850,95.42943573
3851,102.814697266
3852,96.594329834
3854,95.6093063354
3857,98.8853683472
3858,91.6962051392
3859,109.848152161
3860,97.3097000122
3861,93.326385498
3862,96.4880065918
3863,104.369239807
3870,109.354141235
3872,97.9433364868
3873,103.40537262
3874,99.9053115845
3877,104.515075684
3880,106.36656189
3882,92.7312927246
3885,91.89478302
3887,94.0550079346
3888,97.3158950806
3889,92.3041381836
3891,96.2867965698
3892,118.009933472
3894,104.218055725
3895,110.798690796
3896,117.834442139
3898,96.5491027832
3899,102.438552856
3900,99.4267044067
3903,97.8175735474
3904,98.1081771851
3905,105.112602234
3906,107.203468323
3907,98.0918655396
3908,93.8392333984
3909,99.1147460938
3910,94.8382873535
3911,99.8384475708
3912,105.747932434
3915,106.771461487
3918,90.653755188
3919,97.6201934814
3920,101.912185669
3921,107.214752197
3922,96.443031311
3923,93.0264816284
3926,98.1760482788
3927,102.474311829
3930,119.84186554
3931,121.214317322
3940,103.933837891
3941,101.858665466
3942,119.741783142
3954,98.3425216675
3955,109.433540344
3956,96.9516906738
3957,90.6383895874
3958,94.5400695801
3959,107.498031616
3960,99.7397079468
3963,99.7149887085
3964,101.088027954
3965,99.4742660522
3972,115.467315674
3976,118.554122925
3978,105.826126099
3980,88.0136489868
3981,97.4463272095
3982,90.7769393921
3983,99.4856033325
3984,95.4933929443
3987,96.3470077515
3989,96.3758468628
3990,105.194503784
3996,115.417785645
3997,102.639350891
3998,102.762329102
3999,98.8973464966
4000,94.9743347168
4001,90.4627914429
4002,106.615486145
4003,118.66633606
4004,98.0680999756
4006,102.578514099
4014,89.4340744019
4017,97.6837081909
4019,94.8354873657
4020,103.259490967
4021,92.8406295776
4022,99.5622634888
4023,99.505607605
4024,98.492477417
4027,96.0210113525
4030,108.485496521
4035,115.661888123
4036,96.7684249878
4040,108.944206238
4050,94.232749939
4053,106.907646179
4054,96.4300613403
4055,96.8716506958
4056,97.5389328003
4057,104.669403076
4059,88.7369308472
4060,101.146697998
4061,92.470664978
4063,98.6702804565
4065,104.114402771
4066,104.844528198
4069,95.2040100098
4071,98.8926010132
4073,96.9203262329
4079,99.3830108643
4081,114.94405365
4083,96.7541885376
4084,108.414726257
4087,92.1103439331
4090,120.034614563
4091,87.7530136108
4093,96.5639419556
4098,94.5758666992
4099,94.2496261597
4100,94.1776275635
4101,96.3725585938
4103,100.525360107
4104,98.6605224609
4106,102.435180664
4108,97.0447158813
4109,105.152244568
4110,88.3524703979
4121,98.0815963745
4123,105.161491394
4124,102.352912903
4127,95.9691009521
4128,113.512794495
4130,94.9397506714
4131,95.9662857056
4132,103.348518372
4133,116.109825134
4135,93.9220504761
4136,98.5811462402
4138,104.889671326
4139,87.6735610962
4140,110.331665039
4143,106.297149658
4147,98.5660629272
4148,96.3512115479
4149,99.0190353394
4152,97.7189254761
4153,99.295715332
4155,107.318252563
4158,96.7761611938
4162,109.501296997
4163,97.5235519409
4164,105.831680298
4165,118.368614197
4166,104.01599884
4167,114.891685486
4169,95.4984359741
4170,96.500579834
4174,120.284568787
4180,99.244178772
4182,96.2081985474
4187,99.4191741943
4189,96.206489563
4191,114.473823547
4197,96.2053070068
4198,96.5606155396
4199,93.3487319946
4200,102.907623291
4201,108.046394348
4204,121.314933777
4205,113.550621033
4206,97.1318130493
4207,114.037620544
4213,99.0866165161
4218,92.8174285889
4220,100.883430481
4221,98.2083740234
4223,113.843513489
4225,98.385269165
4226,102.265396118
4227,109.704948425
4228,90.6415634155
4229,94.1603851318
4230,85.79322052
4233,98.4788589478
4235,104.879554749
4238,103.830444336
4239,102.306816101
4241,88.4390792847
4244,109.414199829
4245,105.340133667
4246,103.226341248
4250,101.348861694
4251,109.411987305
4252,89.7549514771
4253,115.72252655
4255,103.247398376
4256,120.905632019
4257,93.1857833862
4258,95.1853561401
4259,103.171775818
4260,98.3924026489
4261,95.0704040527
4262,88.9599838257
4264,113.111213684
4266,103.13973999
4269,97.48412323
4270,93.9809112549
4275,115.488739014
4277,97.753868103
4279,96.3199234009
4282,108.811264038
4291,101.634346008
4292,101.088630676
4294,101.653022766
4295,102.596107483
4298,99.9460601807
4300,97.9462890625
4301,110.082946777
4302,95.3306503296
4304,100.984413147
4305,102.768249512
4306,116.329856873
4307,92.7149047852
4308,95.9956512451
4309,100.585899353
4311,95.9466247559
4313,115.387161255
4314,116.493095398
4315,94.8763580322
4316,96.5978546143
4317,112.741897583
4319,103.97820282
4321,98.2710876465
4324,104.112495422
4327,88.0572814941
4329,103.495536804
4331,105.299003601
4334,85.799156189
4337,103.521621704
4339,86.3076477051
4340,108.582313538
4343,88.3544921875
4345,84.5071105957
4346,105.164611816
4349,97.3002853394
4350,81.7662200928
4354,102.511100769
4357,108.921134949
4358,95.6083145142
4362,98.9821929932
4363,108.464439392
4366,99.1101837158
4367,90.7047576904
4369,93.3527603149
4370,101.720436096
4371,98.3657226562
4373,102.128959656
4375,95.20652771
4378,95.1523971558
4379,101.742126465
4381,106.488250732
4382,94.6395339966
4386,93.4500732422
4387,102.248313904
4388,87.3796310425
4390,98.3049850464
4394,93.5821075439
4397,98.1819152832
4400,98.6356506348
4402,108.952072144
4403,106.974472046
4404,98.2929458618
4405,104.101455688
4407,95.9120407104
4409,106.468444824
4410,103.776489258
4411,86.774772644
4413,104.81187439
4414,104.815689087
4416,87.7668380737
4417,86.1514892578
4421,105.466636658
4424,94.9082870483
4426,107.659240723
4427,102.57510376
4429,97.6806411743
4430,104.868415833
4432,101.599632263
4433,100.401138306
4435,114.792266846
4438,91.9773635864
4442,115.449417114
4443,102.921600342
4448,104.052062988
4449,102.554679871
4450,99.4915542603
4451,92.0547485352
4453,84.8265151978
4454,99.5735626221
4455,101.388221741
4459,115.70451355
4463,86.642074585
4464,94.809135437
4467,91.5041351318
4470,94.0223770142
4471,100.148849487
4473,108.278274536
4474,103.026473999
4476,97.791557312
4477,102.538017273
4481,86.5013275146
4482,101.44606781
4487,88.191986084
4496,115.647590637
4497,104.660110474
4501,106.835098267
4502,83.3212738037
4504,120.502891541
4509,100.499153137
4512,113.734931946
4514,98.723449707
4515,106.22819519
4517,117.546211243
4518,107.784194946
4520,104.712478638
4522,99.2467575073
4523,99.3745193481
4524,97.5406570435
4525,96.1715316772
4526,104.980545044
4527,99.0554046631
4528,127.023429871
4529,104.960838318
4530,107.724906921
4535,98.5892868042
4538,97.1887969971
4540,106.426307678
4541,116.226425171
4543,99.280418396
4544,94.5838394165
4546,89.8970413208
4547,100.593437195
4548,97.831199646
4550,92.1866989136
4552,98.4162216187
4553,95.6964874268
4555,106.239219666
4557,84.2018508911
4558,103.634025574
4560,101.723335266
4563,104.482559204
4564,96.6875228882
4565,105.622276306
4567,93.8731689453
4568,111.128318787
4571,96.8484420776
4572,95.3971557617
4576,121.705848694
4579,92.8548202515
4581,99.2351379395
4584,102.453353882
4586,114.450782776
4588,92.8036346436
4589,104.169975281
4590,97.8279342651
4591,102.793540955
4592,99.5912780762
4593,102.668739319
4594,102.817344666
4597,85.2284545898
4598,90.2994766235
4599,100.085899353
4600,86.2637939453
4604,103.582565308
4609,111.418502808
4611,100.510559082
4612,94.2572631836
4614,93.7490234375
4615,97.1938705444
4616,104.398162842
4621,97.4422912598
4623,105.621261597
4624,109.735618591
4628,98.356842041
4630,104.542076111
4632,106.044868469
4636,89.5874710083
4637,119.630973816
4638,100.364097595
4641,94.7741165161
4643,101.168235779
4645,106.845909119
4651,104.1095047
4652,107.470474243
4653,96.9256515503
4654,109.410652161
4656,109.416305542
4657,97.0153884888
4658,106.565475464
4659,101.024055481
4664,99.3211746216
4669,106.841957092
4674,95.373878479
4678,107.065338135
4679,91.4213180542
4681,91.0374221802
4684,96.3449707031
4687,84.2869262695
4689,119.215286255
4691,98.5385131836
4694,98.3288497925
4695,105.231895447
4696,90.8624420166
4698,108.165084839
4699,100.336418152
4701,82.9475631714
4703,108.95450592
4704,106.864776611
4705,111.17842865
4706,108.233551025
4709,99.6262741089
4711,106.519882202
4712,98.9948654175
4713,98.9945144653
4714,99.8264694214
4715,105.979881287
4719,87.383140564
4722,102.721862793
4724,98.4074325562
4725,108.564743042
4728,96.371635437
4730,98.2905960083
4733,97.6725311279
4734,95.4134292603
4740,109.422348022
4741,111.24848175
4742,121.295753479
4743,89.986000061
4745,97.8768081665
4746,111.240997314
4748,85.4227142334
4751,89.1100845337
4753,97.7501449585
4754,110.464813232
4760,116.788772583
4761,89.2343139648
4762,99.1670684814
4768,117.563911438
4773,93.4302520752
4775,115.534484863
4779,108.321426392
4781,86.0744018555
4782,111.698425293
4783,101.078094482
4785,93.2311630249
4790,102.101768494
4793,110.3620224
4794,101.98866272
4797,95.654800415
4798,101.953994751
4799,84.6485290527
4800,104.90146637
4801,104.125679016
4802,107.941650391
4804,119.570327759
4806,98.7209091187
4808,109.200386047
4810,99.3337173462
4811,86.9196243286
4812,120.673072815
4813,105.650878906
4814,106.402290344
4815,99.0628509521
4819,101.668434143
4822,96.6291427612
4826,97.552947998
4827,98.3378219604
4828,118.384246826
4832,106.509391785
4834,93.5872116089
4835,92.1725921631
4839,101.719062805
4845,100.317192078
4846,99.849281311
4847,106.813316345
4848,83.9324188232
4850,113.609886169
4853,105.965782166
4854,84.0055770874
4855,99.7622680664
4856,115.6355896
4857,98.4593429565
4859,102.426063538
4861,101.722061157
4862,100.669372559
4866,99.110496521
4870,97.5787277222
4871,81.1249465942
4872,121.961395264
4874,122.727470398
4879,97.8092193604
4881,98.4020080566
4882,86.8143157959
4883,111.471641541
4884,104.212112427
4885,98.3673477173
4887,114.775611877
4891,95.5493850708
4892,98.359992981
4894,100.58164978
4897,98.4495620728
4898,113.646850586
4900,114.256034851
4905,88.0214614868
4906,101.367698669
4907,114.996162415
4908,90.0619354248
4909,84.7594604492
4911,101.209518433
4913,105.927909851
4914,103.016815186
4918,108.487937927
4919,94.7624130249
4921,93.0830841064
4922,118.047927856
4923,105.181427002
4924,95.584236145
4925,103.918640137
4926,116.222099304
4929,104.331489563
4930,97.0259475708
4932,95.0368804932
4933,104.485603333
4935,106.811782837
4937,118.297660828
4938,97.846496582
4940,102.712493896
4941,79.2808303833
4946,101.864204407
4949,103.562675476
4950,98.2942428589
4954,88.7925109863
4955,98.0041732788
4959,109.157669067
4961,108.834899902
4962,90.9085769653
4963,103.51374054
4964,83.1002883911
4965,87.4462203979
4966,115.645622253
4967,105.002426147
4970,79.334777832
4972,115.858207703
4974,96.4460678101
4977,102.808662415
4980,113.585990906
4981,116.535011292
4989,105.747116089
4990,105.264678955
4991,101.367805481
4992,101.578315735
4993,117.07182312
4996,104.758300781
4997,109.193611145
4998,103.671333313
4999,97.8012008667
5000,97.3244552612
5001,97.1013259888
5003,101.775283813
5008,102.619125366
5010,113.57472229
5012,95.7267150879
5013,102.645362854
5016,111.228607178
5017,86.1497192383
5024,84.0097351074
5026,83.876739502
5027,98.7444381714
5028,106.970191956
5029,88.866859436
5030,100.397338867
5031,100.619529724
5033,110.438652039
5035,83.5273361206
5037,109.062774658
5040,82.3516159058
5041,101.972312927
5042,88.211517334
5043,96.7594299316
5044,120.015068054
5045,101.082687378
5047,103.279411316
5048,98.95753479
5050,100.825889587
5056,101.28553009
5058,103.420646667
5060,101.454360962
5061,102.160316467
5064,106.412940979
5066,101.900413513
5067,105.719276428
5068,85.9470367432
5070,101.674415588
5072,81.6626358032
5073,77.7090911865
5078,101.207176208
5082,109.58303833
5084,101.130012512
5085,102.788345337
5086,93.4981307983
5087,101.605728149
5090,80.4983139038
5091,97.1743392944
5092,102.903923035
5096,103.656761169
5097,102.321723938
5098,86.1885452271
5100,96.6775436401
5102,101.405784607
5106,89.5753860474
5110,102.947502136
5116,106.276115417
5117,103.367652893
5119,103.410888672
5120,100.082450867
5121,102.120185852
5124,81.5773696899
5126,98.2810745239
5130,80.6134185791
5131,101.282402039
5133,93.6058044434
5136,79.3319625854
5138,114.77898407
5139,106.790626526
5140,106.046913147
5141,103.022842407
5145,80.2778167725
5146,97.9901809692
5147,90.9638137817
5151,97.8793487549
5152,112.828491211
5153,101.665252686
5156,113.63117218
5157,101.347732544
5158,101.475120544
5160,97.3662338257
5161,91.0356674194
5162,86.9592895508
5163,100.054191589
5168,88.4394989014
5170,105.260391235
5173,83.5127868652
5174,102.642524719
5175,99.9590759277
5177,101.405479431
5178,118.887947083
5179,99.9125213623
5180,92.7806396484
5181,96.6674346924
5182,104.694694519
5183,98.8179092407
5187,81.7801513672
5192,100.922172546
5194,111.567276001
5195,106.362709045
5197,104.894416809
5198,106.011634827
5201,75.986907959
5202,106.837356567
5206,103.466499329
5209,107.868644714
5210,93.9096069336
5211,79.1072921753
5213,100.99306488
5215,97.7892990112
5216,85.9542312622
5217,100.628013611
5219,107.574249268
5221,104.63873291
5223,107.739784241
5226,99.8204269409
5228,87.7249069214
5230,101.192176819
5231,106.322761536
5235,101.965812683
5236,104.334617615
5238,96.4402694702
5242,98.3037948608
5243,106.096122742
5245,100.666946411
5246,105.451728821
5247,98.7613983154
5249,105.165924072
5250,96.3629074097
5252,111.450721741
5254,102.121528625
5258,101.143669128
5261,86.6368713379
5262,98.1824111938
5263,106.242240906
5264,112.695861816
5265,85.5856170654
5267,90.4511947632
5269,80.4430084229
5270,108.388771057
5271,99.454750061
5272,96.3171234131
5273,99.9430618286
5274,98.0683517456
5278,100.942337036
5282,113.781944275
5288,107.428588867
5291,95.0930404663
5295,88.2551803589
5296,102.444389343
5298,101.071891785
5300,98.0731811523
5301,116.964408875
5303,112.746940613
5304,76.8132095337
5307,111.787559509
5311,98.263633728
5313,76.5280685425
5314,105.242622375
5315,98.8968887329
5318,101.414703369
5321,97.1450881958
5322,79.9061660767
5324,98.9862136841
5325,79.1960525513
5326,99.924331665
5327,97.6916885376
5328,98.7825775146
5330,101.830993652
5332,110.490516663
5333,100.673820496
5335,85.4889678955
5337,95.5652542114
5339,99.3232650757
5340,86.7543258667
5342,114.841911316
5343,101.234901428
5344,95.5174484253
5346,99.1827697754
5347,85.6651153564
5350,97.7564315796
5351,103.705596924
5352,105.986885071
5353,104.540115356
5354,106.84021759
5357,102.785125732
5358,82.9637680054
5359,112.980323792
5361,106.146270752
5363,99.8601455688
5365,86.8880157471
5369,103.26083374
5372,100.952125549
5374,96.2808685303
5377,99.7619934082
5380,114.1980896
5381,101.565559387
5382,116.180213928
5385,100.407028198
5386,99.2269134521
5387,103.618171692
5388,98.2598724365
5390,106.591545105
5392,98.8795394897
5394,87.8643493652
5396,96.3821334839
5400,87.0923919678
5405,101.368537903
5406,94.1081466675
5409,105.97114563
5410,100.162834167
5411,91.3117675781
5412,112.138694763
5415,105.037109375
5416,85.6649475098
5419,97.8715896606
5422,95.9664916992
5423,103.55897522
5427,102.652954102
5428,98.8148574829
5430,114.300758362
5432,113.396141052
5433,96.2797775269
5434,101.741607666
5435,101.40158844
5436,100.701011658
5438,114.142837524
5439,109.349235535
5441,104.744636536
5442,104.688644409
5443,108.710006714
5445,86.1203155518
5448,101.849807739
5449,99.747543335
5450,118.93977356
5453,86.5468139648
5454,81.1179885864
5457,107.992637634
5461,105.005584717
5470,96.5630111694
5471,101.558563232
5473,97.7179794312
5477,116.068382263
5478,98.7126541138
5481,114.540657043
5483,93.6338500977
5484,97.4525146484
5487,95.3047790527
5489,99.7254867554
5490,96.7735900879
5491,92.4049987793
5492,99.224029541
5493,102.548561096
5494,106.999015808
5498,98.765625
5500,102.85068512
5501,97.9051742554
5502,96.0410385132
5505,106.993270874
5506,86.4805374146
5508,99.4465560913
5510,89.1156311035
5513,79.3515167236
5514,105.185966492
5515,108.052680969
5519,100.450592041
5520,98.0365829468
5523,99.6658325195
5524,104.157463074
5525,89.9281311035
5526,103.296409607
5530,75.7155990601
5531,98.9965744019
5534,100.887046814
5537,86.7317733765
5538,75.4767684937
5539,91.3982696533
5541,81.2033920288
5542,83.2330474854
5543,105.66557312
5544,108.835464478
5545,110.562095642
5546,102.284301758
5549,106.194824219
5552,85.1204376221
5553,113.068183899
5556,102.46055603
5557,99.7194900513
5558,115.743003845
5564,96.312828064
5569,112.218345642
5570,107.706443787
5571,110.371574402
5573,105.913452148
5575,109.068069458
5577,113.461036682
5578,84.9793167114
5582,110.677490234
5585,89.3472137451
5588,96.613609314
5590,76.9765853882
5600,79.5954284668
5601,90.4308776855
5604,101.294677734
5606,113.960487366
5611,111.884391785
5615,106.779838562
5617,95.0407028198
5618,100.834899902
5619,86.5965270996
5620,118.90712738
5622,104.499511719
5624,101.669807434
5625,86.8064651489
5626,76.5280303955
5627,100.748809814
5630,103.924530029
5632,106.103286743
5634,101.291862488
5635,102.897903442
5636,108.621627808
5637,101.501800537
5641,104.176399231
5642,104.449699402
5643,99.2330474854
5644,93.6240158081
5647,74.6681900024
5648,105.097763062
5650,113.498893738
5651,97.6747055054
5652,92.0485839844
5654,98.6932525635
5657,112.366699219
5659,100.165229797
5660,113.696556091
5661,101.643928528
5664,105.324424744
5665,81.7591705322
5666,98.0425720215
5668,101.374336243
5669,102.931861877
5677,115.316078186
5678,99.8521575928
5680,96.283744812
5681,103.064163208
5682,78.6390457153
5684,98.5369949341
5685,107.847717285
5686,102.774032593
5689,107.429359436
5695,98.2824325562
5696,112.157577515
5700,109.389167786
5701,93.0200424194
5702,107.317611694
5703,91.3174362183
5705,105.13495636
5706,100.959007263
5708,99.9532928467
5711,112.205741882
5712,101.541259766
5713,100.356712341
5715,107.079750061
5716,99.3630828857
5717,101.980354309
5719,88.8450469971
5720,107.600837708
5722,100.400718689
5727,94.77318573
5728,107.466789246
5732,100.195457458
5734,98.4026107788
5735,104.84210968
5737,113.919013977
5738,98.6169204712
5739,104.856864929
5740,102.601379395
5742,104.066993713
5743,100.310539246
5744,111.946266174
5746,101.107826233
5749,99.7166824341
5753,108.619934082
5756,104.765777588
5759,98.8754882812
5761,111.632011414
5763,99.6739349365
5764,97.1929855347
5765,114.489601135
5767,88.3089828491
5775,113.887237549
5779,98.4859085083
5781,100.286010742
5785,115.214561462
5787,114.767700195
5792,98.5252227783
5795,100.584564209
5798,90.6763305664
5799,86.617805481
5800,101.147125244
5802,106.329681396
5807,86.0738220215
5809,102.604927063
5810,102.539581299
5811,96.8606185913
5812,80.8220214844
5814,103.309326172
5817,74.4013595581
5818,100.86605072
5819,115.013290405
5820,112.096908569
5821,113.274925232
5824,92.5577926636
5826,99.2537307739
5828,89.2444610596
5834,103.903678894
5835,109.33430481
5836,94.3752059937
5840,104.46875
5841,78.7367477417
5843,99.9726028442
5847,98.1189880371
5849,100.127037048
5852,99.4074707031
5855,99.5066757202
5856,99.7598800659
5857,86.730682373
5859,109.946357727
5861,98.0398788452
5862,117.309532166
5863,97.725692749
5865,102.154815674
5872,104.706489563
5873,90.8189544678
5875,75.3085021973
5881,103.484977722
5882,98.7490310669
5883,97.2527008057
5885,100.451889038
5887,100.957038879
5888,84.8421554565
5889,93.8821487427
5891,94.3863143921
5892,98.9354705811
5893,97.9221420288
5894,98.1040725708
5895,104.296226501
5899,86.6545715332
5900,96.9312667847
5902,99.8659973145
5904,106.894126892
5905,100.86277771
5907,85.0296401978
5913,98.3967285156
5915,108.127052307
5916,96.2920150757
5917,99.862953186
5918,108.115776062
5920,100.92237854
5921,93.3409423828
5922,100.601959229
5923,110.05519104
5925,98.4802093506
5927,79.0361633301
5928,98.6619262695
5931,101.361030579
5940,90.4755401611
5941,99.9864807129
5945,99.276184082
5947,99.1511154175
5948,96.9045639038
5949,97.4685745239
5950,93.7800445557
5952,121.235710144
5955,102.288368225
5956,103.176338196
5958,99.7476959229
5959,96.9402542114
5960,98.592956543
5963,98.2739334106
5966,103.657173157
5967,108.032112122
5970,98.9170608521
5971,118.572761536
5972,99.3358078003
5973,114.08808136
5976,99.5192642212
5977,110.585777283
5979,104.570457458
5980,88.015663147
5984,116.86782074
5985,119.432640076
5986,102.76524353
5987,94.2848739624
5988,97.2599029541
5990,112.836257935
5993,96.4358520508
5994,118.657920837
6000,99.8140258789
6005,92.2208786011
6008,103.987983704
6009,72.6038894653
6010,104.59387207
6013,72.7278900146
6019,97.9874267578
6020,108.447776794
6021,99.6168289185
6022,90.8685379028
6023,96.779838562
6027,96.9604568481
6031,109.477455139
6032,100.366172791
6033,77.7475814819
6034,94.0517501831
6035,96.0787887573
6037,108.452796936
6038,100.016029358
6039,100.368011475
6043,97.7357940674
6046,115.088737488
6050,96.5921783447
6055,97.8100204468
6056,92.0406570435
6057,87.6630249023
6060,96.1352767944
6061,97.8580474854
6066,80.5515289307
6069,113.212654114
6073,98.6698074341
6074,98.4617233276
6075,95.0054702759
6076,107.506721497
6077,99.9324645996
6078,104.273200989
6079,100.301063538
6082,99.5179214478
6083,92.1013412476
6085,101.502960205
6086,103.860473633
6088,115.102455139
6090,100.615119934
6091,99.3269882202
6093,94.7786178589
6096,104.744796753
6098,100.456504822
6099,72.7274932861
6101,101.160247803
6102,120.056900024
6103,96.7475585938
6111,98.0596618652
6112,96.0618515015
6113,96.6023178101
6115,112.281913757
6119,87.8182678223
6120,93.4906692505
6121,95.6598739624
6122,103.9480896
6124,95.710144043
6126,104.762687683
6127,95.8471603394
6129,106.218955994
6131,98.2651748657
6133,115.176185608
6134,101.235031128
6135,92.6086654663
6136,95.7900009155
6138,112.264984131
6143,106.681587219
6147,96.9060134888
6148,108.439842224
6150,108.502700806
6151,69.9351577759
6152,98.5163345337
6153,108.107246399
6154,101.433486938
6155,122.052757263
6157,96.9471893311
6158,118.358161926
6161,105.307975769
6163,105.532096863
6166,99.1004867554
6167,88.1540298462
6174,96.3276748657
6175,99.3176345825
6179,89.2352676392
6183,98.2768783569
6184,116.38256073
6187,95.0476150513
6190,99.7188110352
6191,101.641448975
6198,105.025245667
6199,75.8413543701
6200,111.213012695
6205,100.418968201
6206,100.083061218
6208,96.5563735962
6212,75.5396575928
6214,91.094078064
6215,97.5735855103
6218,102.508323669
6220,106.980461121
6221,95.7746810913
6224,99.8184738159
6225,97.9947662354
6226,100.501281738
6227,91.8144836426
6228,106.575340271
6229,96.1665267944
6230,75.6472015381
6231,94.556968689
6232,95.2806625366
6233,114.019218445
6234,111.143882751
6236,72.4722671509
6237,101.924758911
6238,96.0981674194
6239,103.65901947
6241,99.0604629517
6243,114.874595642
6244,87.8160476685
6245,86.3817520142
6246,90.4827575684
6248,89.8988952637
6249,102.091697693
6250,111.352256775
6252,102.862075806
6253,97.5358200073
6256,87.629119873
6257,82.760559082
6258,97.4865646362
6259,71.2997589111
6263,85.2256774902
6265,69.3397521973
6266,114.719665527
6267,100.285072327
6268,70.6293258667
6270,98.3398208618
6272,90.8012771606
6273,122.512519836
6274,86.0299835205
6277,106.686882019
6280,115.280761719
6282,95.4469985962
6283,113.733070374
6285,96.1580352783
6289,94.9508972168
6290,94.8944625854
6291,99.3435897827
6294,76.87109375
6296,103.96370697
6297,108.265480042
6299,101.78931427
6301,103.505760193
6302,99.6997528076
6303,94.3428878784
6305,91.3999710083
6306,99.8862838745
6307,101.146278381
6309,75.5446090698
6311,97.8949813843
6313,99.619102478
6314,91.8045883179
6315,107.922966003
6316,103.644493103
6317,111.427955627
6318,98.0991439819
6319,108.40788269
6321,116.010246277
6322,114.59210968
6323,103.016716003
6326,97.7397537231
6327,102.431434631
6328,88.6030654907
6329,111.788658142
6331,78.0239486694
6332,98.0333786011
6333,100.00151062
6334,111.906974792
6335,96.1988601685
6337,98.3469314575
6338,95.4630966187
6339,93.3946151733
6343,125.173149109
6346,94.5009613037
6350,95.3961334229
6352,101.785072327
6355,109.266899109
6356,95.9766998291
6359,96.1060714722
6361,97.86743927
6362,87.5871582031
6365,105.717292786
6366,89.0358810425
6367,73.1951217651
6369,71.6456756592
6372,97.128074646
6373,117.738777161
6374,74.8120040894
6375,95.2102203369
6376,110.307289124
6378,112.092033386
6380,108.841804504
6384,97.2143554688
6385,97.7272186279
6386,95.7644882202
6387,96.8689727783
6389,94.7065658569
6391,97.4961624146
6394,116.251106262
6396,108.390647888
6397,113.268218994
6399,96.0110549927
6400,95.2254562378
6404,98.216178894
6408,94.3817749023
6410,95.8147201538
6412,72.5187911987
6414,116.33745575
6415,101.469818115
6421,94.1758270264
6422,73.5468826294
6423,72.1209945679
6424,103.729927063
6425,106.621650696
6427,106.201148987
6428,101.845230103
6433,105.750167847
6435,117.511436462
6436,94.8156356812
6444,116.806755066
6446,119.952461243
6447,101.459754944
6449,98.0511398315
6451,73.0361633301
6452,97.9954528809
6454,103.713722229
6456,90.9359207153
6459,86.262512207
6460,102.572006226
6462,96.701385498
6463,100.996902466
6465,82.0519256592
6466,84.755355835
6468,95.0759735107
6472,91.9997558594
6475,114.49181366
6476,84.1249008179
6477,70.816947937
6478,116.762992859
6480,99.4557113647
6482,99.1445541382
6483,101.076316833
6485,102.566329956
6486,99.4907226562
6487,94.3316574097
6488,104.507995605
6489,94.4724197388
6490,99.6320495605
6491,96.8349380493
6492,70.9642486572
6493,95.1383590698
6494,67.3040008545
6497,101.213996887
6498,86.9552001953
6499,69.567779541
6500,89.7106933594
6501,105.437522888
6502,106.577903748
6503,115.417961121
6504,97.2520751953
6507,71.8094482422
6511,109.659355164
6516,100.922904968
6517,72.6157226562
6518,100.470947266
6520,109.146003723
6522,117.909347534
6524,93.107383728
6527,98.9794845581
6530,93.2105102539
6532,104.766578674
6538,95.4846725464
6539,105.561180115
6542,103.999740601
6543,97.0030899048
6544,91.1858901978
6545,93.3371276855
6546,95.5640869141
6549,84.7250213623
6550,115.7576828
6552,94.299118042
6554,100.775344849
6557,112.809898376
6558,114.542182922
6559,121.23311615
6560,101.132522583
6562,79.2912445068
6563,86.5551605225
6566,118.906471252
6567,97.4530639648
6570,103.160675049
6571,96.1400985718
6572,94.5399398804
6575,67.7418289185
6576,83.0795288086
6578,93.9731445312
6580,118.204902649
6583,110.242332458
6584,109.207603455
6587,68.2383270264
6588,82.0344085693
6591,93.9975204468
6592,116.546073914
6596,103.020088196
6597,97.4721908569
6598,93.6637802124
6605,80.5172271729
6606,91.9563522339
6610,87.0289154053
6612,115.374710083
6615,121.41620636
6620,97.4862136841
6622,99.3702316284
6623,97.467880249
6624,109.02368927
6625,94.9493026733
6626,102.472549438
6628,105.638832092
6630,112.803398132
6632,110.774467468
6633,90.7140808105
6635,118.898483276
6637,98.4686508179
6640,93.7930908203
6643,72.114364624
6644,105.886192322
6645,109.394645691
6646,90.796257019
6647,92.6532974243
6648,95.73828125
6649,91.9333572388
6650,97.3101882935
6652,71.2254867554
6653,104.267616272
6655,94.7930831909
6656,87.4102935791
6658,97.2338790894
6659,97.6415405273
6660,108.694541931
6661,94.2701721191
6662,103.15827179
6664,97.932975769
6667,94.5749435425
6672,108.649185181
6674,103.428192139
6678,74.7870178223
6682,93.7236557007
6683,99.070274353
6684,93.7395858765
6686,66.2161941528
6687,104.395988464
6691,82.7600250244
6695,114.007392883
6696,99.9894638062
6697,97.4595870972
6703,98.3725891113
6705,96.4529647827
6706,114.437088013
6708,114.017364502
6709,102.534347534
6710,85.2879714966
6711,114.069236755
6714,113.83757782
6716,89.5283584595
6717,101.026153564
6718,69.0413742065
6719,96.8144989014
6720,81.4967956543
6726,85.214012146
6727,97.3666610718
6728,119.727027893
6729,100.867858887
6730,92.860496521
6732,65.9481201172
6733,96.2889709473
6734,96.4588241577
6740,102.745635986
6742,99.9566879272
6744,83.2702178955
6746,94.3960113525
6748,114.168907166
6754,94.2484436035
6758,80.5189056396
6760,92.206993103
6762,97.3120956421
6767,91.8293075562
6769,96.7413101196
6770,89.2901763916
6772,100.275306702
6775,115.362861633
6776,85.1338043213
6777,103.963737488
6780,89.5702056885
6782,103.217903137
6783,117.151512146
6785,100.470321655
6788,110.702964783
6789,92.4119873047
6791,98.1086196899
6792,109.057044983
6794,93.795249939
6796,95.3789825439
6797,92.6920852661
6799,63.9736442566
6800,108.858848572
6801,90.3819046021
6802,90.906211853
6803,83.7368774414
6804,107.010231018
6805,93.7614364624
6808,69.531791687
6809,96.4380722046
6811,108.11415863
6812,98.3052368164
6813,96.7514343262
6814,98.9946212769
6821,102.433929443
6826,94.6631317139
6827,91.5765304565
6830,99.0014648438
6835,101.767585754
6839,98.3363571167
6841,66.624168396
6842,116.535713196
6844,106.056144714
6848,94.7172393799
6849,97.394859314
6850,83.7046890259
6854,94.1713104248
6855,90.9612960815
6856,81.6839065552
6857,95.3658370972
6859,104.866073608
6860,93.627784729
6862,91.9544906616
6871,115.857139587
6872,98.6021194458
6873,108.792945862
6876,93.6036071777
6879,96.5163803101
6881,120.963607788
6882,97.6110458374
6885,115.881233215
6887,116.500007629
6888,91.9284744263
6889,104.447059631
6891,85.4110870361
6892,86.3272323608
6895,94.3830184937
6896,108.734764099
6897,103.845825195
6898,116.690376282
6901,91.525138855
6902,92.872718811
6903,66.0024337769
6907,69.267539978
6908,93.4745407104
6909,105.65473175
6911,119.923225403
6914,95.8500900269
6915,95.0261154175
6916,101.07006073
6917,92.777671814
6918,104.895263672
6919,98.2109298706
6921,99.3213500977
6924,112.607292175
6925,86.8152008057
6929,87.6265411377
6930,93.8355026245
6932,96.0418930054
6934,84.7094573975
6935,114.79662323
6938,115.635093689
6940,99.9624099731
6948,67.5088272095
6950,90.0187454224
6952,106.961524963
6956,105.797904968
6957,104.628311157
6958,93.6195983887
6959,104.928764343
6960,65.2243347168
6961,83.1306152344
6962,90.2185897827
6965,99.5000457764
6967,93.2531509399
6969,114.487480164
6971,96.5107421875
6973,93.3455886841
6974,104.037536621
6975,88.5538406372
6977,104.266120911
6979,65.3944015503
6980,97.8399734497
6982,94.0223922729
6983,83.3005218506
6984,90.5353240967
6988,88.9514846802
6990,107.316337585
6992,91.3103866577
6999,96.1615753174
7000,104.411491394
7002,97.2088851929
7004,82.4354095459
7005,85.6476287842
7007,120.221885681
7009,75.6280975342
7015,78.6445465088
7016,91.7581481934
7020,96.0221862793
7021,105.501274109
7022,68.1175231934
7029,116.593490601
7032,98.3316421509
7034,91.5423202515
7035,113.86555481
7038,96.630027771
7040,104.990745544
7041,96.2291412354
7042,94.7119750977
7043,96.2643432617
7047,121.577842712
7048,106.17049408
7052,100.510704041
7053,92.3679656982
7056,101.408439636
7058,109.425971985
7059,92.9361801147
7062,96.4725952148
7065,88.1779098511
7066,98.0864028931
7068,117.406562805
7069,96.0263748169
7070,111.549095154
7072,96.4865570068
7073,114.118614197
7076,93.3478622437
7077,93.6003952026
7084,66.3464889526
7086,81.657913208
7087,92.6663513184
7088,98.3137435913
7089,96.3207015991
7090,96.4896469116
7091,97.8817977905
7093,96.0102539062
7095,94.9190292358
7096,79.4702758789
7097,99.0094223022
7098,79.8235015869
7099,103.897155762
7103,114.856140137
7111,91.2946853638
7115,93.7566604614
7119,97.9044494629
7122,100.900939941
7125,122.263816833
7126,79.4997711182
7128,91.8729171753
7129,112.407661438
7130,91.9056930542
7138,84.4234237671
7139,96.3568649292
7140,92.0412216187
7142,69.0843582153
7143,116.553413391
7145,95.7397003174
7146,78.2747955322
7149,112.045890808
7153,64.9843063354
7155,104.156661987
7158,116.01625061
7160,96.6427459717
7162,81.6329040527
7165,92.0183639526
7166,109.755187988
7168,92.1101379395
7171,85.3724822998
7172,93.7637863159
7175,116.037727356
7176,92.9335861206
7183,97.2373657227
7190,89.070854187
7192,105.565208435
7194,104.92414093
7195,65.0233840942
7196,77.657119751
7198,95.1724243164
7202,95.5424194336
7203,117.897514343
7205,81.5625457764
7206,106.503761292
7208,92.7153244019
7212,93.2342529297
7215,97.0723419189
7218,100.620429993
7219,84.0077209473
7221,116.183959961
7222,106.606376648
7223,107.276176453
7228,97.006187439
7229,92.5186538696
7230,121.351051331
7231,95.6656951904
7232,94.1743392944
7233,94.9297637939
7235,95.7374954224
7237,104.156578064
7238,117.401603699
7241,97.1312789917
7243,95.4066085815
7246,78.770324707
7254,117.934188843
7255,94.5685195923
7257,66.8650741577
7258,103.019416809
7259,78.9412536621
7262,105.833869934
7263,108.235954285
7265,70.4436416626
7266,93.0386123657
7267,96.6003036499
7268,122.752876282
7271,93.8289413452
7272,95.2910385132
7274,91.723449707
7275,66.361946106
7276,92.505569458
7277,87.0290222168
7278,63.2934684753
7280,92.5140533447
7282,108.404319763
7283,102.901786804
7288,108.923347473
7290,108.638908386
7291,96.6393661499
7294,99.6797332764
7295,71.8103713989
7300,115.704368591
7302,121.722999573
7303,79.4600372314
7305,87.5714035034
7307,121.994606018
7310,108.778282166
7311,103.412574768
7315,105.501083374
7317,72.239112854
7318,92.5051727295
7320,81.384765625
7322,97.9196395874
7326,94.3005599976
7327,93.3265609741
7329,115.983177185
7331,96.5704803467
7332,107.404670715
7333,119.877922058
7335,100.415855408
7336,96.8879089355
7340,99.123550415
7343,95.2284469604
7346,105.665000916
7348,95.9549789429
7351,114.793968201
7352,95.1121902466
7354,115.721107483
7359,112.303840637
7361,105.993865967
7362,104.631973267
7365,95.3405990601
7367,68.5032577515
7371,92.4150085449
7372,95.2603759766
7376,104.062446594
7378,97.2442626953
7381,100.038383484
7384,100.719459534
7387,107.862602234
7388,92.1756820679
7389,92.3708724976
7390,122.013526917
7392,95.9736862183
7393,120.632011414
7395,114.617164612
7398,97.0426559448
7401,95.0144424438
7402,105.378974915
7404,64.236656189
7406,110.036018372
7407,67.1522903442
7409,96.069190979
7410,64.9040527344
7411,92.8700866699
7412,94.308555603
7413,116.514709473
7415,102.121498108
7418,92.7119674683
7424,94.6210861206
7426,95.9428787231
7427,92.8630599976
7428,88.9537353516
7429,106.41582489
7431,102.155738831
7435,94.1519165039
7439,90.8992538452
7443,62.4666061401
7444,99.3511581421
7447,81.3232574463
7449,95.1035461426
7452,94.9757614136
7453,75.5410766602
7456,92.8497543335
7458,115.102165222
7460,97.4641647339
7461,103.84879303
7463,106.468009949
7468,95.2464828491
7470,93.2773208618
7471,115.032432556
7474,108.551704407
7475,102.865684509
7476,94.3383026123
7477,95.9147109985
7478,108.470359802
7481,99.2854919434
7482,105.065185547
7483,66.3286132812
7485,100.959037781
7486,64.3804397583
7487,109.317832947
7488,82.7588043213
7489,92.1823577881
7490,126.739143372
7492,103.143157959
7493,88.354133606
7496,106.766311646
7497,92.7398452759
7498,101.998298645
7499,109.503944397
7500,93.3389282227
7502,95.073600769
7506,97.3868637085
7507,92.9723968506
7512,100.883811951
7513,62.6116600037
7514,84.0082702637
7520,92.7021408081
7523,93.5629348755
7525,80.7588348389
7530,98.7221298218
7531,95.4154129028
7532,126.967414856
7533,92.4858474731
7535,104.604728699
7536,88.3238143921
7539,108.876823425
7542,100.568206787
7543,96.7401199341
7544,100.906303406
7546,96.6332778931
7547,92.5056228638
7548,118.895004272
7549,97.5208969116
7550,60.9948654175
7552,64.4446411133
7556,76.1309814453
7557,109.134178162
7558,75.7087097168
7559,95.4571228027
7560,122.33896637
7563,96.066947937
7568,88.2685165405
7573,76.911239624
7575,116.813423157
7576,70.3505935669
7577,90.7509994507
7580,93.6645431519
7581,96.6953811646
7582,96.0609054565
7583,82.0668334961
7584,91.5520935059
7585,99.3136062622
7588,93.9081497192
7589,63.8171386719
7591,121.277259827
7592,95.7534408569
7596,104.435668945
7597,81.2546386719
7598,102.799285889
7599,94.3307723999
7605,95.6773147583
7607,112.4426651
7609,108.179008484
7610,96.8710250854
7611,75.8310546875
7612,109.391906738
7614,96.721862793
7620,64.0001983643
7621,95.7991256714
7629,93.3655014038
7630,110.430458069
7638,94.6283493042
7641,93.3792953491
7642,97.7431869507
7643,91.0357894897
7646,96.4552536011
7647,90.7686080933
7651,102.323524475
7654,67.2071762085
7656,94.9843139648
7657,123.67653656
7658,104.037193298
7660,62.0143547058
7661,125.179359436
7663,96.4869155884
7665,65.1008987427
7667,107.50617218
7671,94.7955627441
7674,94.2781906128
7675,82.9376678467
7676,94.0302963257
7677,96.5430831909
7681,74.0427246094
7682,93.8477401733
7684,112.93032074
7686,92.5886459351
7687,115.467247009
7689,108.741416931
7691,96.1457748413
7694,61.7969589233
7697,101.051300049
7700,91.8350906372
7701,91.2427597046
7705,97.8402328491
7706,106.088096619
7708,96.068649292
7709,95.0192184448
7710,93.7688293457
7711,98.9449081421
7712,61.4259223938
7714,92.697807312
7716,114.528640747
7720,101.109458923
7723,120.747062683
7724,95.2431716919
7726,62.4515686035
7728,97.9350509644
7729,67.3541030884
7731,92.2127532959
7732,101.449699402
7734,119.999855042
7736,100.576217651
7737,67.3483657837
7738,95.6602554321
7739,117.449394226
7743,101.310905457
7745,92.5916442871
7746,95.8846588135
7748,81.5145263672
7749,106.18547821
7751,116.061180115
7753,91.7688522339
7755,100.861022949
7759,104.761390686
7762,109.990943909
7764,93.6453323364
7766,78.5667114258
7769,93.5625228882
7770,117.588066101
7772,94.7944259644
7775,96.7008285522
7777,81.2231750488
7778,93.7733917236
7780,102.848930359
7781,101.593193054
7782,99.3177261353
7784,89.3472518921
7785,100.241455078
7788,99.3161849976
7790,103.357223511
7792,110.226387024
7796,123.022193909
7797,63.7351799011
7798,81.4793243408
7801,121.554046631
7803,77.9078674316
7804,100.348548889
7806,92.9108734131
7809,64.1895217896
7810,96.2047042847
7812,105.590690613
7813,98.6982955933
7814,93.0012283325
7815,94.1047058105
7816,108.831718445
7820,91.743270874
7821,120.104606628
7824,103.895347595
7826,93.3340377808
7827,70.0201034546
7829,120.805450439
7830,96.3409347534
7831,96.2517623901
7836,80.1032714844
7838,113.088981628
7839,98.9396896362
7841,108.216552734
7845,106.777748108
7847,97.8315582275
7848,108.600791931
7849,97.6120834351
7851,93.4105377197
7852,88.3500747681
7854,74.7543640137
7856,101.86668396
7857,79.6499938965
7859,124.441558838
7860,92.8994064331
7861,101.282531738
7862,103.534255981
7864,93.6479110718
7867,64.9252548218
7870,117.42024231
7873,77.7288513184
7875,121.239028931
7876,71.2009353638
7880,118.607704163
7882,93.3529434204
7884,111.33568573
7887,101.652854919
7888,100.638008118
7892,126.195503235
7895,77.8860473633
7897,92.8284835815
7899,105.644577026
7900,94.0071487427
7903,100.933433533
7907,118.172164917
7908,93.7897491455
7911,128.29637146
7912,90.7542037964
7914,66.3788833618
7915,92.7224273682
7916,105.526535034
7917,105.670318604
7920,96.9572067261
7921,102.787208557
7922,96.3466262817
7924,113.884284973
7926,95.9238433838
7928,91.8497238159
7929,65.3154144287
7931,102.609458923
7934,98.5478820801
7936,109.367149353
7937,95.1956634521
7938,108.929771423
7940,99.2255935669
7941,78.6753082275
7944,95.9712753296
7947,95.787437439
7952,95.5918502808
7953,90.0339736938
7954,121.810836792
7956,91.6165008545
7957,107.948753357
7958,92.1632537842
7963,93.7312011719
7969,88.8863601685
7970,100.721412659
7972,99.9471054077
7973,99.150428772
7975,69.1488571167
7977,124.499153137
7979,100.873878479
7980,95.7304534912
7981,76.6154785156
7985,104.854545593
7987,89.2218093872
7988,60.2602386475
7990,93.9106063843
7996,94.8090133667
8000,91.1494369507
8001,103.02355957
8003,95.98462677
8004,92.4501266479
8005,105.017173767
8006,88.7448348999
8008,76.2102966309
8010,101.066215515
8012,101.535171509
8014,98.92552948
8016,106.06930542
8018,66.3374252319
8020,109.103500366
8021,92.3580856323
8022,94.9700622559
8025,104.280296326
8028,94.5173110962
8032,89.3228912354
8034,103.531227112
8037,93.4068908691
8038,102.726333618
8040,122.480369568
8041,108.3229599
8043,101.324737549
8045,99.4651412964
8047,95.1958236694
8051,93.7895736694
8052,96.2150497437
8055,95.5618515015
8056,92.1334609985
8057,104.49066925
8058,91.1381072998
8060,97.43724823
8063,93.4472732544
8065,97.4879226685
8069,94.5121841431
8073,60.9157104492
8074,94.3211669922
8075,98.5667953491
8077,109.944877625
8078,117.811706543
8079,94.2043685913
8082,103.412612915
8083,109.196876526
8085,96.8336334229
8086,92.0063705444
8088,105.314811707
8092,64.373298645
8093,125.072570801
8095,64.5777206421
8096,94.5450820923
8097,98.4418334961
8098,91.8922805786
8099,95.6277923584
8102,93.3239364624
8103,73.6567230225
8104,91.1399459839
8105,93.3165664673
8106,106.284194946
8107,97.2985153198
8108,118.789520264
8109,103.397453308
8113,112.430885315
8114,91.724571228
8117,61.1593399048
8119,96.4024887085
8120,108.380973816
8122,93.3023300171
8123,114.365837097
8124,95.4626693726
8126,107.631767273
8130,119.68787384
8132,109.507408142
8133,89.8874740601
8134,105.920852661
8135,93.7093429565
8136,94.6826400757
8137,97.8181991577
8144,107.399345398
8147,97.0769042969
8149,93.0313034058
8150,123.387710571
8151,100.746337891
8152,93.0189743042
8156,74.2415161133
8157,72.4435882568
8158,62.457611084
8159,63.7580566406
8160,96.3280029297
8164,125.687736511
8165,76.0344238281
8167,87.751411438
8169,102.627868652
8171,70.289680481
8174,106.704742432
8175,110.506385803
8177,109.511863708
8178,111.643028259
8180,96.9386520386
8183,104.469688416
8185,101.587852478
8186,111.7085495
8187,119.700798035
8188,107.456245422
8189,93.0492477417
8192,110.254432678
8193,122.285942078
8195,90.9701461792
8197,101.519844055
8200,98.9368743896
8203,88.0053787231
8204,116.875854492
8205,89.1724395752
8206,99.8908309937
8209,98.8707580566
8210,90.1529006958
8212,94.8753890991
8213,93.1491317749
8215,93.2805404663
8216,98.822883606
8219,90.1162796021
8220,91.0883407593
8221,92.3910751343
8223,110.950920105
8224,105.750007629
8225,92.3750152588
8226,108.829345703
8227,91.1319198608
8228,91.3949813843
8230,94.42603302
8232,93.2255172729
8234,108.72202301
8235,96.3082351685
8237,104.761459351
8239,76.6269378662
8241,90.9378204346
8242,62.0294914246
8244,98.9294662476
8245,90.3842544556
8247,114.101867676
8248,75.4879455566
8249,92.518699646
8251,91.6067733765
8252,92.1962280273
8253,108.147369385
8255,93.9289474487
8259,105.118804932
8262,110.317726135
8265,106.208656311
8266,72.3550415039
8269,117.024581909
8270,62.1277084351
8273,92.5257797241
8274,73.9790649414
8283,96.7166976929
8284,77.4804229736
8285,101.40196991
8286,104.168937683
8290,94.1224594116
8291,76.1148681641
8292,70.2028808594
8293,92.3301620483
8295,64.3137283325
8297,94.7254562378
8298,91.5170974731
8300,102.21030426
8301,105.920448303
8303,91.2836837769
8304,102.455932617
8305,90.3802642822
8306,94.2083358765
8307,89.9918746948
8309,59.8691444397
8310,110.838951111
8311,90.3676986694
8312,95.533531189
8313,96.182472229
8318,116.271827698
8322,100.857818604
8324,100.354850769
8327,90.1003875732
8329,74.9945220947
8333,107.945037842
8335,89.6435775757
8336,100.157745361
8337,87.5859069824
8340,68.2197189331
8342,76.6663513184
8343,97.6885299683
8344,124.234764099
8348,110.851097107
8350,109.589767456
8354,92.9535751343
8356,92.6901626587
8357,106.702644348
8362,90.2481307983
8367,60.8396224976
8368,102.709541321
8369,95.1338195801
8371,103.824012756
8373,94.3251266479
8374,93.2115020752
8375,96.1988143921
8378,90.5751419067
8382,90.1667938232
8383,96.0717391968
8384,77.6381530762
8385,62.3775482178
8387,98.334602356
8390,90.3324127197
8392,68.8855133057
8393,100.89365387
8395,61.4116249084
8397,61.6630363464
8399,120.933265686
8402,98.0143966675
8403,107.898452759
8405,76.7686309814
8406,106.746360779
8412,99.00756073
8415,74.9675292969
8417,69.4295654297
