ID,stack_index
0,0
6,3
7,8
9,9
13,9
18,2
24,4
25,3
27,9
30,4
31,9
32,4
34,0
36,4
37,4
38,2
39,3
40,3
44,9
47,2
48,8
49,1
50,9
52,6
54,4
60,0
61,6
62,2
66,0
67,5
68,2
70,5
74,6
75,8
79,2
80,9
81,2
86,9
90,5
92,5
100,1
102,6
106,0
107,3
108,6
109,0
112,7
116,1
118,6
119,6
124,6
125,9
127,8
128,2
129,7
130,5
131,0
133,8
134,1
136,5
139,5
141,9
143,0
145,8
146,3
147,1
150,6
151,0
152,0
153,2
154,0
158,6
159,5
160,6
161,1
164,9
165,1
166,6
168,2
169,1
170,3
171,7
173,5
174,2
175,5
176,4
177,3
178,0
184,9
186,7
190,2
197,5
200,7
202,8
203,9
207,9
208,8
209,9
212,9
213,6
214,6
215,1
217,6
218,8
222,7
223,9
224,6
225,1
229,2
232,6
233,7
234,6
237,4
239,7
240,4
241,1
246,4
252,5
255,4
260,9
261,0
263,5
264,9
265,6
268,3
269,6
270,5
271,9
274,7
277,0
278,4
281,2
282,9
284,9
286,0
287,3
294,8
295,0
300,0
301,3
302,0
303,0
308,6
309,9
310,1
312,7
315,8
317,9
318,8
319,6
320,3
321,2
322,4
323,1
325,6
326,6
328,1
331,2
332,8
333,2
334,1
335,2
336,9
341,9
342,3
344,2
348,1
351,8
355,0
356,1
359,6
360,3
361,3
363,9
369,5
371,5
372,2
374,3
375,0
376,7
379,5
380,8
381,9
383,9
385,7
386,4
387,9
388,1
389,6
391,4
394,3
397,5
398,7
400,3
401,0
402,7
403,8
404,3
405,4
407,7
411,7
414,6
415,8
416,0
417,6
418,9
422,1
423,2
424,3
425,9
426,8
427,6
428,3
429,4
431,3
432,6
433,9
435,1
441,9
442,4
444,7
445,8
447,7
449,5
450,8
451,6
454,7
455,3
456,1
461,7
463,0
466,2
468,2
469,3
470,0
474,5
476,9
477,6
478,4
479,4
481,2
482,2
483,7
484,1
485,2
486,1
487,3
489,7
494,9
495,7
496,8
503,3
504,6
505,5
507,3
508,0
509,6
513,9
514,0
515,1
517,2
520,4
523,7
524,9
525,0
527,6
528,6
530,2
531,5
534,4
535,4
538,3
542,1
544,1
545,7
549,1
550,9
553,1
554,8
555,6
561,3
563,6
564,7
565,4
567,5
568,9
569,5
574,2
578,8
582,7
583,3
584,0
585,7
586,2
587,5
588,7
590,6
592,9
596,9
597,2
599,1
600,7
601,0
603,9
605,8
607,1
611,4
612,7
613,6
614,1
615,6
619,2
621,4
625,9
627,1
631,7
632,2
633,1
634,2
635,8
636,3
639,2
640,1
641,9
642,1
644,7
647,2
649,2
650,3
651,3
655,2
658,7
661,7
662,2
665,5
667,0
670,3
672,2
673,7
674,8
676,0
680,0
681,8
683,8
684,0
686,3
689,9
690,0
691,7
692,1
694,3
695,3
697,3
699,4
700,2
702,6
703,3
706,2
707,3
708,5
713,0
718,0
719,8
722,7
723,3
727,6
729,0
730,0
732,8
733,1
735,1
736,3
737,9
739,4
740,7
741,9
742,1
743,0
744,2
747,1
748,5
749,2
750,8
752,0
753,4
755,2
757,9
760,2
762,7
763,9
764,8
765,4
775,8
778,4
779,5
781,1
783,0
784,9
785,5
786,8
789,8
790,2
791,6
794,7
795,2
796,5
797,9
799,3
801,9
802,5
803,7
804,1
805,5
807,1
808,3
810,6
813,1
815,1
819,0
821,7
822,1
824,2
825,6
826,0
827,7
828,2
832,9
833,7
835,4
836,1
837,7
838,7
840,9
842,5
843,0
846,1
847,3
849,4
853,1
857,5
858,2
860,6
862,4
863,3
868,7
870,9
873,3
874,7
875,8
876,5
877,9
878,1
879,5
880,8
881,8
884,9
886,1
887,7
889,5
890,9
891,3
892,8
894,0
895,5
896,1
897,9
898,3
899,9
900,2
902,9
906,8
907,7
908,3
909,8
912,5
913,8
915,2
916,7
917,0
919,2
920,5
922,8
923,0
924,6
925,8
926,3
927,2
930,2
931,4
936,2
938,9
945,3
946,7
948,5
950,8
955,3
956,6
958,3
961,8
962,4
964,5
966,2
968,2
969,0
970,6
976,1
977,8
979,8
982,9
983,8
985,3
987,2
991,5
993,4
994,5
995,0
997,4
998,8
1005,2
1006,8
1007,1
1011,8
1017,1
1018,2
1023,5
1026,2
1031,9
1032,3
1034,3
1035,9
1039,4
1040,8
1041,9
1046,5
1048,6
1049,5
1052,5
1053,4
1055,8
1058,7
1060,1
1061,8
1065,1
1067,3
1068,7
1069,9
1071,8
1072,7
1073,5
1074,1
1075,4
1079,5
1081,0
1084,4
1085,5
1086,8
1087,9
1088,1
1090,7
1092,1
1094,8
1095,6
1096,5
1098,1
1100,0
1102,3
1105,0
1107,0
1108,2
1113,1
1115,3
1118,8
1119,1
1121,5
1122,8
1123,3
1127,9
1128,8
1129,6
1130,2
1131,5
1132,7
1133,9
1135,4
1136,3
1139,2
1140,1
1141,9
1142,5
1143,0
1147,8
1149,0
1151,7
1156,1
1158,0
1159,4
1160,2
1161,9
1163,1
1164,8
1170,6
1175,1
1179,3
1180,3
1181,5
1183,4
1184,0
1185,9
1190,4
1193,2
1194,3
1195,8
1196,2
1199,5
1202,8
1204,7
1205,9
1206,0
1207,2
1208,7
1210,5
1211,0
1212,0
1213,6
1215,6
1216,5
1217,2
1219,7
1220,7
1221,3
1223,1
1224,5
1225,6
1227,8
1229,4
1231,8
1234,6
1235,5
1237,2
1239,5
1240,6
1242,4
1243,6
1245,5
1248,8
1249,2
1252,7
1253,5
1261,2
1262,4
1264,9
1265,8
1266,0
1269,9
1270,2
1273,9
1278,6
1280,5
1284,5
1287,4
1288,5
1290,7
1291,7
1292,3
1293,3
1294,4
1295,3
1297,0
1298,1
1300,4
1302,7
1303,8
1304,9
1305,0
1309,7
1310,4
1311,0
1312,2
1318,3
1320,4
1321,1
1322,1
1326,1
1327,2
1333,8
1334,3
1335,4
1336,8
1341,3
1342,6
1344,4
1345,8
1346,6
1350,5
1351,7
1353,2
1355,7
1356,1
1357,8
1358,8
1361,9
1362,7
1367,0
1368,8
1369,0
1370,9
1371,4
1373,9
1374,1
1377,2
1382,3
1383,8
1385,2
1386,2
1389,4
1390,8
1391,6
1393,0
1397,4
1402,0
1405,5
1409,3
1411,2
1414,2
1416,0
1417,9
1418,9
1419,1
1421,6
1428,6
1433,6
1435,6
1436,9
1439,9
1443,1
1447,2
1449,7
1450,5
1451,0
1452,4
1457,5
1460,3
1462,2
1463,6
1464,3
1467,4
1468,1
1470,5
1471,2
1473,2
1475,0
1476,9
1478,6
1480,4
1481,7
1484,6
1485,0
1486,2
1489,2
1491,3
1493,3
1495,7
1498,6
1500,8
1501,9
1503,8
1504,9
1505,3
1506,8
1510,6
1515,6
1516,8
1517,1
1520,3
1521,0
1523,4
1525,9
1526,9
1528,8
1530,5
1531,3
1533,2
1534,6
1535,7
1538,6
1540,5
1541,7
1546,6
1547,8
1548,5
1549,6
1552,9
1553,0
1555,3
1557,8
1558,7
1561,1
1563,8
1564,5
1565,8
1568,5
1572,1
1573,3
1575,5
1576,4
1577,5
1579,9
1581,2
1582,1
1589,9
1591,6
1593,1
1594,0
1595,1
1597,2
1600,6
1601,1
1602,7
1603,7
1605,1
1610,1
1612,0
1614,9
1615,4
1617,9
1618,2
1623,1
1624,6
1626,4
1628,0
1630,3
1631,2
1632,9
1633,9
1635,4
1637,3
1640,8
1642,0
1649,4
1650,0
1651,2
1654,3
1655,8
1657,2
1660,6
1662,0
1671,9
1673,0
1675,4
1676,0
1681,5
1682,3
1684,1
1685,3
1688,3
1694,0
1698,2
1699,5
1705,0
1709,3
1712,1
1714,7
1715,2
1716,4
1718,1
1721,6
1723,9
1724,2
1728,8
1732,5
1736,7
1737,9
1739,7
1740,4
1741,0
1743,5
1744,4
1746,5
1748,9
1750,3
1757,9
1765,3
1767,7
1770,9
1776,9
1778,1
1781,6
1782,3
1783,0
1784,4
1785,1
1786,0
1789,3
1791,5
1792,5
1793,2
1794,3
1795,0
1797,6
1798,5
1799,1
1800,7
1802,4
1804,0
1805,9
1806,3
1808,0
1810,8
1811,5
1817,7
1819,6
1823,6
1824,8
1827,1
1829,1
1830,4
1832,2
1833,5
1834,7
1835,3
1838,9
1839,3
1840,5
1842,2
1843,6
1845,8
1846,3
1847,9
1849,3
1850,6
1855,9
1857,9
1858,5
1862,8
1864,8
1869,6
1870,2
1871,6
1873,2
1874,2
1875,5
1876,9
1877,8
1878,0
1881,7
1883,3
1884,0
1886,1
1889,0
1891,3
1892,8
1893,4
1898,4
1899,3
1903,0
1904,9
1907,7
1908,1
1909,6
1910,1
1911,9
1913,0
1914,1
1919,5
1921,8
1922,8
1926,3
1927,8
1928,6
1929,6
1931,2
1936,0
1937,3
1938,4
1939,3
1946,9
1947,7
1950,4
1951,2
1953,4
1956,4
1957,9
1961,3
1962,4
1964,1
1966,3
1967,7
1970,0
1974,2
1976,0
1980,6
1983,1
1984,1
1985,1
1986,3
1989,5
1990,1
1991,4
1992,7
1994,2
1995,7
1996,8
1998,1
2000,5
2005,9
2008,6
2011,9
2012,5
2014,1
2015,5
2016,4
2017,0
2019,4
2020,0
2021,0
2023,4
2027,1
2028,5
2029,4
2034,2
2038,2
2039,5
2041,1
2042,3
2045,0
2047,4
2048,1
2049,3
2050,3
2051,0
2052,8
2053,2
2057,8
2058,8
2061,6
2064,9
2065,6
2068,4
2069,6
2070,4
2071,5
2077,9
2078,6
2079,7
2081,7
2083,1
2084,5
2086,5
2088,1
2089,6
2090,3
2094,5
2095,9
2096,3
2097,1
2099,0
2100,5
2104,7
2108,9
2109,2
2111,0
2112,5
2113,8
2116,4
2121,1
2124,4
2125,4
2130,7
2131,5
2133,6
2134,9
2136,0
2137,8
2140,6
2143,3
2144,2
2145,6
2147,4
2148,2
2149,8
2150,9
2152,2
2153,3
2154,2
2155,6
2156,7
2158,1
2160,8
2161,3
2163,1
2165,7
2166,7
2169,1
2170,6
2172,3
2176,9
2177,9
2179,9
2181,7
2182,3
2183,3
2184,5
2186,4
2187,7
2188,8
2191,1
2193,7
2195,4
2196,9
2197,6
2198,5
2199,8
2202,9
2206,6
2207,7
2208,3
2210,9
2211,2
2212,0
2217,5
2221,0
2224,4
2227,5
2228,0
2229,5
2231,0
2232,1
2238,4
2239,2
2242,8
2243,1
2244,1
2245,3
2246,3
2247,1
2251,9
2255,9
2257,9
2260,8
2261,1
2263,6
2264,4
2267,6
2268,8
2270,1
2272,2
2276,6
2278,0
2281,6
2284,3
2285,0
2286,7
2287,1
2290,1
2293,2
2294,3
2295,7
2296,3
2302,4
2303,8
2307,8
2310,0
2313,9
2314,5
2315,1
2317,3
2318,7
2319,5
2320,9
2323,1
2324,0
2327,3
2328,0
2336,5
2339,3
2341,7
2343,6
2344,2
2346,2
2347,4
2348,2
2350,3
2353,4
2356,2
2359,2
2362,0
2363,5
2365,9
2367,1
2368,1
2372,6
2375,1
2377,8
2379,9
2380,6
2381,5
2384,2
2385,5
2388,4
2391,5
2393,2
2394,8
2395,1
2396,5
2397,8
2403,6
2405,4
2406,6
2410,2
2411,5
2414,7
2416,2
2417,7
2418,7
2419,1
2421,0
2424,2
2425,5
2427,1
2428,4
2429,6
2430,7
2431,5
2433,5
2437,7
2439,1
2441,7
2442,5
2445,7
2446,7
2448,8
2449,3
2451,0
2452,2
2453,6
2456,0
2457,9
2458,5
2461,0
2462,7
2464,6
2466,2
2467,3
2470,7
2471,7
2472,4
2473,6
2475,2
2476,1
2477,6
2479,5
2482,6
2483,3
2484,4
2485,3
2486,1
2487,5
2488,4
2491,0
2493,5
2494,3
2495,4
2498,9
2499,5
2501,9
2502,6
2503,4
2504,6
2506,5
2511,7
2512,2
2514,6
2516,1
2517,3
2522,3
2524,5
2526,8
2527,3
2528,6
2531,1
2532,6
2534,6
2536,3
2537,7
2539,5
2540,6
2541,5
2542,8
2543,6
2545,2
2546,9
2547,8
2548,1
2549,8
2550,7
2551,7
2552,5
2554,0
2555,0
2557,2
2566,8
2568,5
2569,0
2570,5
2571,0
2573,0
2574,3
2581,1
2584,9
2585,5
2586,2
2588,3
2592,1
2593,1
2595,3
2596,1
2601,0
2605,6
2609,6
2610,3
2611,9
2612,1
2616,8
2618,1
2619,6
2621,5
2622,4
2625,3
2626,1
2628,0
2631,0
2633,1
2634,4
2635,1
2637,3
2638,6
2641,7
2643,0
2645,6
2648,1
2651,4
2654,7
2656,1
2658,0
2660,9
2661,6
2666,0
2667,6
2668,0
2669,4
2673,3
2674,9
2676,7
2678,5
2680,8
2681,5
2682,7
2686,8
2687,1
2691,5
2692,0
2695,1
2696,6
2698,7
2700,7
2701,4
2702,0
2704,7
2706,4
2707,3
2708,8
2716,5
2719,5
2722,6
2723,6
2724,6
2725,0
2727,2
2729,5
2730,8
2733,6
2735,7
2740,0
2741,2
2742,8
2743,2
2744,7
2745,9
2747,3
2748,9
2750,1
2754,9
2755,0
2756,1
2761,5
2763,8
2766,3
2767,2
2768,7
2770,2
2772,5
2773,4
2775,3
2780,8
2781,3
2783,8
2785,8
2786,8
2788,4
2790,1
2791,7
2793,5
2794,7
2795,6
2796,4
2797,7
2803,4
2805,1
2806,0
2810,2
2813,3
2815,4
2819,9
2825,2
2827,2
2828,9
2830,9
2831,7
2832,1
2833,3
2836,3
2837,9
2843,9
2844,0
2845,8
2847,6
2852,5
2855,8
2856,9
2857,8
2859,9
2860,4
2862,0
2863,8
2869,3
2871,3
2872,4
2873,2
2874,4
2875,4
2876,4
2879,5
2881,4
2886,2
2894,1
2895,7
2896,6
2897,8
2902,5
2903,7
2904,5
2905,4
2906,4
2907,8
2908,2
2912,2
2915,4
2916,9
2917,9
2924,2
2928,2
2930,5
2931,4
2932,7
2935,8
2937,6
2938,6
2939,5
2940,7
2944,6
2946,9
2947,2
2948,2
2949,1
2952,6
2957,4
2958,6
2959,6
2961,7
2965,4
2970,8
2973,9
2976,1
2978,5
2979,0
2982,9
2988,6
2993,5
2994,5
2997,0
2998,6
2999,6
3000,4
3001,6
3003,7
3007,9
3008,1
3009,3
3012,2
3013,1
3019,1
3020,0
3022,1
3023,5
3025,3
3026,9
3027,5
3029,4
3031,5
3033,7
3034,6
3035,6
3036,0
3037,2
3038,6
3042,7
3045,5
3047,7
3048,5
3049,4
3050,3
3051,1
3052,3
3053,5
3054,9
3057,4
3060,5
3062,9
3064,5
3065,3
3070,7
3071,0
3075,9
3076,8
3078,8
3079,3
3080,7
3081,5
3083,9
3086,5
3087,6
3089,9
3090,5
3095,6
3099,0
3100,1
3101,4
3103,8
3104,9
3105,9
3107,3
3108,6
3110,1
3114,2
3118,8
3119,1
3120,7
3128,6
3131,1
3133,1
3136,9
3139,2
3141,0
3142,8
3143,7
3153,4
3154,7
3157,6
3158,7
3160,9
3164,7
3166,3
3167,6
3168,5
3169,9
3170,4
3171,4
3174,8
3175,6
3178,9
3180,8
3181,2
3182,2
3184,3
3185,1
3188,6
3191,9
3195,5
3196,2
3199,6
3203,2
3207,0
3209,6
3215,4
3217,1
3218,9
3222,7
3223,8
3224,7
3225,7
3230,7
3231,1
3235,1
3237,3
3241,4
3242,7
3243,9
3244,9
3245,1
3246,0
3248,2
3250,4
3251,9
3258,3
3259,1
3260,3
3261,4
3265,6
3268,4
3270,0
3271,3
3273,9
3276,2
3278,5
3281,7
3282,1
3284,2
3286,2
3289,0
3292,6
3293,3
3294,7
3295,2
3296,0
3297,7
3300,0
3301,7
3305,0
3306,4
3308,0
3310,4
3311,8
3312,2
3313,1
3315,7
3318,7
3323,4
3325,4
3327,8
3328,8
3332,2
3333,9
3334,5
3336,8
3342,7
3344,2
3345,5
3347,3
3349,3
3350,6
3353,0
3354,1
3357,9
3361,0
3362,9
3363,7
3364,2
3365,5
3366,9
3367,9
3368,5
3369,5
3370,6
3373,0
3375,5
3376,3
3379,7
3381,9
3383,5
3384,7
3385,1
3387,8
3388,8
3390,2
3392,6
3396,5
3401,3
3402,7
3403,3
3405,5
3406,2
3408,9
3410,6
3411,4
3412,9
3413,8
3414,5
3415,2
3416,4
3417,2
3418,6
3420,5
3422,7
3423,6
3424,9
3426,4
3430,3
3432,9
3433,0
3434,0
3437,3
3438,9
3440,2
3447,1
3448,3
3450,9
3451,2
3452,4
3454,3
3455,7
3456,4
3458,8
3459,8
3463,4
3471,7
3474,7
3477,9
3480,6
3481,4
3482,4
3486,0
3489,6
3490,3
3491,2
3492,1
3493,0
3494,5
3495,0
3498,5
3502,9
3503,6
3505,3
3506,0
3507,4
3509,1
3510,5
3513,3
3514,6
3516,8
3519,1
3520,6
3521,1
3522,8
3523,2
3524,6
3525,1
3527,9
3541,7
3542,1
3543,7
3544,7
3547,5
3548,4
3549,3
3552,8
3555,4
3556,0
3560,4
3566,6
3568,2
3569,9
3570,4
3573,0
3575,9
3580,1
3581,4
3582,3
3584,9
3588,1
3589,2
3590,4
3591,7
3592,9
3596,8
3597,8
3598,3
3603,0
3605,1
3606,1
3607,8
3608,8
3611,6
3613,8
3616,3
3622,4
3623,2
3624,0
3627,2
3628,8
3629,1
3635,3
3636,5
3638,9
3642,2
3643,2
3649,9
3650,0
3651,3
3652,8
3656,4
3657,1
3658,0
3661,4
3663,4
3664,1
3665,4
3667,3
3669,1
3670,7
3672,6
3676,6
3677,3
3678,8
3679,3
3680,7
3683,6
3684,0
3685,9
3688,1
3689,8
3690,8
3691,4
3693,5
3694,5
3697,0
3698,6
3700,9
3701,0
3702,4
3703,5
3704,5
3706,6
3711,3
3713,9
3714,5
3717,2
3718,4
3719,3
3721,5
3723,4
3724,3
3725,8
3727,2
3730,0
3732,4
3733,8
3734,6
3737,3
3738,4
3740,8
3742,3
3747,2
3748,7
3749,0
3750,3
3752,5
3754,0
3755,9
3756,0
3757,0
3758,1
3759,0
3764,3
3766,4
3767,5
3771,7
3772,2
3775,6
3777,0
3785,9
3787,7
3788,7
3791,0
3792,9
3794,6
3796,1
3799,9
3801,2
3802,0
3803,4
3805,3
3806,2
3807,7
3808,1
3809,3
3811,8
3812,4
3813,0
3814,0
3817,4
3819,0
3820,6
3821,7
3822,5
3823,2
3825,7
3826,6
3827,3
3829,7
3833,7
3837,5
3841,8
3842,7
3843,3
3844,4
3848,1
3850,7
3851,7
3852,8
3854,7
3857,2
3858,0
3859,0
3860,8
3861,4
3862,8
3863,8
3870,6
3872,1
3873,9
3874,8
3877,2
3880,6
3882,4
3885,5
3887,4
3888,4
3889,4
3891,8
3892,6
3894,0
3895,3
3896,6
3898,7
3899,9
3900,7
3903,1
3904,8
3905,1
3906,3
3907,7
3908,8
3909,4
3910,2
3911,1
3912,9
3915,1
3918,9
3919,7
3920,5
3921,3
3922,4
3923,9
3926,4
3927,4
3930,6
3931,6
3940,0
3941,8
3942,3
3954,2
3955,9
3956,2
3957,0
3958,0
3959,6
3960,7
3963,5
3964,2
3965,5
3972,3
3976,6
3978,7
3980,0
3981,8
3982,0
3983,7
3984,2
3987,7
3989,1
3990,7
3996,3
3997,2
3998,4
3999,4
4000,5
4001,0
4002,0
4003,6
4004,2
4006,5
4014,9
4017,7
4019,7
4020,4
4021,4
4022,2
4023,7
4024,7
4027,7
4030,4
4035,3
4036,8
4040,3
4050,4
4053,0
4054,2
4055,7
4056,8
4057,0
4059,9
4060,7
4061,8
4063,4
4065,6
4066,7
4069,4
4071,4
4073,5
4079,7
4081,3
4083,1
4084,6
4087,9
4090,6
4091,0
4093,2
4098,5
4099,0
4100,4
4101,4
4103,4
4104,5
4106,0
4108,4
4109,0
4110,9
4121,2
4123,0
4124,8
4127,7
4128,3
4130,8
4131,0
4132,8
4133,3
4135,2
4136,2
4138,8
4139,9
4140,6
4143,6
4147,1
4148,2
4149,7
4152,8
4153,5
4155,0
4158,2
4162,6
4163,2
4164,6
4165,3
4166,8
4167,3
4169,5
4170,4
4174,6
4180,8
4182,2
4187,2
4189,7
4191,6
4197,5
4198,4
4199,8
4200,1
4201,1
4204,3
4205,3
4206,5
4207,6
4213,1
4218,0
4220,5
4221,4
4223,6
4225,2
4226,1
4227,9
4228,4
4229,0
4230,9
4233,7
4235,4
4238,6
4239,9
4241,0
4244,6
4245,6
4246,4
4250,5
4251,6
4252,0
4253,3
4255,0
4256,6
4257,4
4258,1
4259,0
4260,5
4261,7
4262,0
4264,6
4266,7
4269,4
4270,7
4275,6
4277,8
4279,8
4282,3
4291,1
4292,7
4294,5
4295,1
4298,4
4300,2
4301,0
4302,7
4304,7
4305,3
4306,3
4307,7
4308,2
4309,1
4311,2
4313,6
4314,6
4315,2
4316,7
4317,6
4319,0
4321,4
4324,2
4327,9
4329,0
4331,9
4334,9
4337,1
4339,0
4340,9
4343,0
4345,0
4346,4
4349,2
4350,0
4354,3
4357,0
4358,4
4362,4
4363,0
4366,4
4367,9
4369,0
4370,1
4371,7
4373,5
4375,2
4378,5
4379,2
4381,6
4382,4
4386,4
4387,7
4388,0
4390,1
4394,7
4397,7
4400,2
4402,6
4403,6
4404,5
4405,6
4407,8
4409,9
4410,4
4411,0
4413,6
4414,6
4416,0
4417,0
4421,0
4424,7
4426,6
4427,4
4429,2
4430,9
4432,8
4433,4
4435,3
4438,2
4442,3
4443,2
4448,1
4449,8
4450,5
4451,2
4453,9
4454,5
4455,5
4459,6
4463,9
4464,8
4467,4
4470,8
4471,5
4473,0
4474,7
4476,7
4477,1
4481,9
4482,8
4487,0
4496,6
4497,3
4501,9
4502,9
4504,6
4509,5
4512,4
4514,5
4515,3
4517,6
4518,5
4520,6
4522,5
4523,7
4524,8
4525,1
4526,6
4527,2
4528,3
4529,9
4530,4
4535,8
4538,5
4540,9
4541,6
4543,7
4544,4
4546,9
4547,5
4548,1
4550,0
4552,5
4553,5
4555,0
4557,0
4558,9
4560,4
4563,0
4564,1
4565,0
4567,5
4568,0
4571,2
4572,2
4576,3
4579,2
4581,7
4584,5
4586,3
4588,4
4589,1
4590,1
4591,1
4592,1
4593,8
4594,5
4597,9
4598,0
4599,4
4600,0
4604,4
4609,6
4611,5
4612,7
4614,4
4615,1
4616,1
4621,7
4623,3
4624,9
4628,2
4630,5
4632,8
4636,0
4637,6
4638,8
4641,2
4643,1
4645,9
4651,9
4652,6
4653,2
4654,4
4656,6
4657,8
4658,3
4659,1
4664,8
4669,0
4674,1
4678,9
4679,9
4681,4
4684,2
4687,9
4689,3
4691,1
4694,1
4695,0
4696,5
4698,9
4699,1
4701,0
4703,3
4704,3
4705,6
4706,6
4709,2
4711,6
4712,8
4713,1
4714,8
4715,4
4719,9
4722,5
4724,7
4725,3
4728,1
4730,1
4733,7
4734,2
4740,6
4741,9
4742,3
4743,4
4745,1
4746,3
4748,9
4751,9
4753,1
4754,0
4760,9
4761,4
4762,2
4768,3
4773,5
4775,6
4779,9
4781,9
4782,6
4783,2
4785,9
4790,4
4793,9
4794,4
4797,2
4798,7
4799,9
4800,6
4801,3
4802,3
4804,3
4806,8
4808,0
4810,7
4811,9
4812,3
4813,0
4814,8
4815,5
4819,8
4822,2
4826,8
4827,1
4828,3
4832,9
4834,5
4835,4
4839,1
4845,1
4846,7
4847,2
4848,0
4850,3
4853,5
4854,0
4855,5
4856,6
4857,2
4859,7
4861,2
4862,7
4866,2
4870,1
4871,9
4872,3
4874,3
4879,8
4881,7
4882,9
4883,9
4884,9
4885,8
4887,3
4891,8
4892,7
4894,1
4897,1
4898,9
4900,3
4905,5
4906,1
4907,3
4908,5
4909,9
4911,4
4913,8
4914,8
4918,9
4919,1
4921,4
4922,6
4923,9
4924,8
4925,1
4926,6
4929,2
4930,7
4932,1
4933,5
4935,0
4937,0
4938,8
4940,6
4941,9
4946,5
4949,3
4950,8
4954,4
4955,8
4959,3
4961,6
4962,4
4963,8
4964,9
4965,9
4966,6
4967,7
4970,9
4972,3
4974,1
4977,7
4980,3
4981,3
4989,3
4990,3
4991,5
4992,1
4993,3
4996,5
4997,9
4998,5
4999,8
5000,5
5001,7
5003,5
5008,4
5010,3
5012,1
5013,2
5016,3
5017,5
5024,0
5026,0
5027,1
5028,3
5029,4
5030,2
5031,7
5033,9
5035,0
5037,9
5040,9
5041,8
5042,5
5043,8
5044,3
5045,2
5047,8
5048,7
5050,2
5056,1
5058,5
5060,4
5061,2
5064,9
5066,6
5067,6
5068,4
5070,1
5072,0
5073,9
5078,8
5082,0
5084,7
5085,2
5086,7
5087,8
5090,9
5091,8
5092,5
5096,3
5097,5
5098,5
5100,1
5102,6
5106,5
5110,3
5116,0
5117,6
5119,7
5120,1
5121,4
5124,0
5126,2
5130,0
5131,1
5133,5
5136,9
5138,3
5139,7
5140,2
5141,2
5145,9
5146,8
5147,5
5151,2
5152,0
5153,7
5156,3
5157,2
5158,1
5160,8
5161,4
5162,5
5163,7
5168,4
5170,2
5173,0
5174,7
5175,6
5177,2
5178,6
5179,3
5180,4
5181,5
5182,0
5183,2
5187,0
5192,8
5194,6
5195,5
5197,4
5198,9
5201,9
5202,8
5206,7
5209,9
5210,5
5211,0
5213,1
5215,1
5216,4
5217,1
5219,9
5221,1
5223,0
5226,7
5228,4
5230,1
5231,3
5235,1
5236,8
5238,8
5242,1
5243,8
5245,2
5246,4
5247,4
5249,0
5250,8
5252,4
5254,1
5258,1
5261,4
5262,8
5263,0
5264,6
5265,4
5267,5
5269,0
5270,9
5271,1
5272,1
5273,1
5274,4
5278,2
5282,0
5288,2
5291,8
5295,5
5296,2
5298,5
5300,5
5301,6
5303,9
5304,0
5307,9
5311,8
5313,0
5314,8
5315,8
5318,7
5321,2
5322,0
5324,1
5325,0
5326,8
5327,8
5328,5
5330,7
5332,6
5333,5
5335,4
5337,8
5339,8
5340,9
5342,3
5343,7
5344,1
5346,6
5347,0
5350,3
5351,2
5352,0
5353,8
5354,7
5357,7
5358,9
5359,3
5361,0
5363,8
5365,5
5369,3
5372,2
5374,1
5377,2
5380,3
5381,7
5382,3
5385,7
5386,4
5387,2
5388,1
5390,9
5392,4
5394,4
5396,8
5400,4
5405,8
5406,1
5409,2
5410,3
5411,4
5412,3
5415,2
5416,0
5419,2
5422,1
5423,2
5427,1
5428,3
5430,3
5432,6
5433,6
5434,7
5435,7
5436,4
5438,3
5439,0
5441,4
5442,5
5443,3
5445,5
5448,2
5449,7
5450,3
5453,4
5454,9
5457,3
5461,2
5470,1
5471,3
5473,8
5477,6
5478,3
5481,6
5483,5
5484,2
5487,8
5489,5
5490,7
5491,4
5492,3
5493,4
5494,9
5498,6
5500,3
5501,1
5502,8
5505,7
5506,9
5508,8
5510,5
5513,0
5514,0
5515,0
5519,7
5520,1
5523,1
5524,6
5525,5
5526,8
5530,9
5531,1
5534,6
5537,0
5538,9
5539,4
5541,9
5542,9
5543,7
5544,0
5545,3
5546,2
5549,0
5552,0
5553,6
5556,7
5557,6
5558,6
5564,1
5569,0
5570,9
5571,0
5573,7
5575,2
5577,0
5578,4
5582,2
5585,5
5588,1
5590,9
5600,9
5601,5
5604,7
5606,0
5611,3
5615,5
5617,8
5618,7
5619,4
5620,6
5622,7
5624,4
5625,4
5626,9
5627,3
5630,2
5632,7
5634,3
5635,2
5636,2
5637,2
5641,6
5642,4
5643,3
5644,5
5647,0
5648,8
5650,0
5651,3
5652,4
5654,2
5657,9
5659,8
5660,6
5661,1
5664,3
5665,9
5666,7
5668,7
5669,1
5677,6
5678,3
5680,1
5681,5
5682,0
5684,2
5685,2
5686,4
5689,5
5695,1
5696,3
5700,0
5701,5
5702,0
5703,4
5705,4
5706,2
5708,2
5711,0
5712,2
5713,8
5715,8
5716,7
5717,8
5719,5
5720,1
5722,8
5727,8
5728,5
5732,2
5734,8
5735,2
5737,9
5738,1
5739,2
5740,2
5742,5
5743,7
5744,3
5746,2
5749,5
5753,7
5756,7
5759,2
5761,3
5763,3
5764,1
5765,3
5767,5
5775,9
5779,7
5781,7
5785,9
5787,9
5792,8
5795,1
5798,4
5799,5
5800,1
5802,2
5807,5
5809,7
5810,1
5811,8
5812,0
5814,8
5817,9
5818,2
5819,3
5820,0
5821,3
5824,8
5826,7
5828,4
5834,5
5835,9
5836,1
5840,2
5841,9
5843,5
5847,3
5849,7
5852,4
5855,2
5856,8
5857,4
5859,0
5861,5
5862,3
5863,7
5865,4
5872,5
5873,5
5875,9
5881,5
5882,8
5883,4
5885,6
5887,3
5888,4
5889,4
5891,8
5892,6
5893,8
5894,6
5895,2
5899,5
5900,8
5902,7
5904,9
5905,6
5907,5
5913,1
5915,0
5916,1
5917,8
5918,0
5920,2
5921,5
5922,8
5923,9
5925,4
5927,9
5928,7
5931,1
5940,5
5941,6
5945,7
5947,8
5948,1
5949,3
5950,4
5952,6
5955,8
5956,5
5958,8
5959,8
5960,6
5963,4
5966,2
5967,0
5970,1
5971,6
5972,2
5973,0
5976,3
5977,6
5979,2
5980,4
5984,6
5985,6
5986,5
5987,8
5988,2
5990,6
5993,8
5994,6
6000,7
6005,8
6008,8
6009,0
6010,3
6013,0
6019,6
6020,9
6021,8
6022,5
6023,1
6027,8
6031,4
6032,5
6033,0
6034,1
6035,3
6037,9
6038,7
6039,7
6043,4
6046,3
6050,2
6055,3
6056,4
6057,5
6060,8
6061,2
6066,0
6069,3
6073,2
6074,6
6075,6
6076,4
6077,2
6078,7
6079,6
6082,1
6083,1
6085,2
6086,5
6088,3
6090,6
6091,7
6093,1
6096,2
6098,7
6099,0
6101,7
6102,3
6103,2
6111,8
6112,7
6113,1
6115,6
6119,5
6120,1
6121,1
6122,6
6124,3
6126,4
6127,6
6129,9
6131,2
6133,3
6134,3
6135,1
6136,1
6138,4
6143,0
6147,2
6148,0
6150,2
6151,0
6152,4
6153,9
6154,5
6155,6
6157,8
6158,6
6161,4
6163,0
6166,6
6167,5
6174,2
6175,2
6179,5
6183,5
6184,6
6187,3
6190,2
6191,2
6198,0
6199,9
6200,6
6205,2
6206,5
6208,8
6212,9
6214,1
6215,2
6218,1
6220,4
6221,2
6224,1
6225,2
6226,7
6227,8
6228,5
6229,1
6230,9
6231,8
6232,8
6233,6
6234,9
6236,0
6237,2
6238,8
6239,3
6241,8
6243,6
6244,5
6245,5
6246,5
6248,5
6249,4
6250,0
6252,7
6253,8
6256,5
6257,4
6258,8
6259,9
6263,4
6265,0
6266,3
6267,5
6268,9
6270,4
6272,8
6273,6
6274,5
6277,9
6280,6
6282,1
6283,0
6285,4
6289,6
6290,7
6291,2
6294,0
6296,5
6297,9
6299,5
6301,4
6302,7
6303,1
6305,8
6306,8
6307,4
6309,0
6311,1
6313,7
6314,8
6315,4
6316,5
6317,0
6318,8
6319,7
6321,3
6322,3
6323,8
6326,5
6327,3
6328,4
6329,9
6331,0
6332,5
6333,5
6334,0
6335,6
6337,5
6338,3
6339,1
6343,6
6346,6
6350,3
6352,5
6355,0
6356,2
6359,8
6361,3
6362,4
6365,0
6366,4
6367,0
6369,0
6372,1
6373,3
6374,0
6375,7
6376,0
6378,0
6380,9
6384,2
6385,3
6386,8
6387,8
6389,3
6391,7
6394,3
6396,7
6397,3
6399,5
6400,3
6404,8
6408,6
6410,1
6412,9
6414,6
6415,2
6421,1
6422,0
6423,0
6424,4
6425,9
6427,9
6428,2
6433,5
6435,6
6436,7
6444,6
6446,3
6447,7
6449,7
6451,9
6452,7
6454,4
6456,8
6459,4
6460,3
6462,6
6463,4
6465,4
6466,5
6468,6
6472,8
6475,6
6476,5
6477,9
6478,6
6480,8
6482,6
6483,4
6485,5
6486,2
6487,2
6488,7
6489,3
6490,6
6491,7
6492,9
6493,8
6494,0
6497,7
6498,4
6499,0
6500,5
6501,9
6502,5
6503,6
6504,2
6507,0
6511,0
6516,4
6517,9
6518,5
6520,5
6522,3
6524,1
6527,1
6530,3
6532,0
6538,7
6539,9
6542,2
6543,3
6544,1
6545,6
6546,8
6549,4
6550,3
6552,3
6554,2
6557,0
6558,6
6559,6
6560,5
6562,4
6563,5
6566,0
6567,2
6570,4
6571,8
6572,1
6575,0
6576,5
6578,7
6580,6
6583,9
6584,9
6587,9
6588,4
6591,8
6592,3
6596,4
6597,4
6598,8
6605,4
6606,8
6610,4
6612,6
6615,3
6620,7
6622,5
6623,6
6624,9
6625,3
6626,5
6628,0
6630,3
6632,9
6633,4
6635,6
6637,8
6640,7
6643,9
6644,0
6645,0
6646,1
6647,1
6648,2
6649,1
6650,4
6652,9
6653,7
6655,1
6656,5
6658,2
6659,7
6660,0
6661,2
6662,4
6664,5
6667,8
6672,7
6674,4
6678,9
6682,1
6683,8
6684,8
6686,0
6687,5
6691,4
6695,6
6696,8
6697,4
6703,2
6705,7
6706,6
6708,3
6709,4
6710,4
6711,3
6714,0
6716,8
6717,7
6718,0
6719,3
6720,5
6726,5
6727,7
6728,3
6729,2
6730,8
6732,9
6733,3
6734,8
6740,4
6742,7
6744,4
6746,7
6748,6
6754,6
6758,5
6760,8
6762,2
6767,1
6769,2
6770,4
6772,6
6775,3
6776,4
6777,0
6780,5
6782,2
6783,6
6785,2
6788,9
6789,6
6791,7
6792,9
6794,1
6796,7
6797,7
6799,9
6800,9
6801,8
6802,8
6803,4
6804,7
6805,8
6808,9
6809,8
6811,9
6812,4
6813,5
6814,7
6821,2
6826,2
6827,6
6830,2
6835,4
6839,8
6841,9
6842,6
6844,2
6848,2
6849,2
6850,5
6854,2
6855,8
6856,5
6857,6
6859,2
6860,3
6862,1
6871,6
6872,1
6873,0
6876,6
6879,8
6881,6
6882,1
6885,3
6887,6
6888,8
6889,4
6891,4
6892,4
6895,1
6896,9
6897,7
6898,3
6901,1
6902,7
6903,0
6907,9
6908,1
6909,7
6911,6
6914,1
6915,2
6916,4
6917,8
6918,5
6919,4
6921,7
6924,9
6925,4
6929,5
6930,7
6932,1
6934,4
6935,6
6938,6
6940,5
6948,0
6950,1
6952,0
6956,9
6957,7
6958,2
6959,9
6960,0
6961,5
6962,8
6965,7
6967,8
6969,9
6971,7
6973,7
6974,5
6975,1
6977,9
6979,9
6980,4
6982,8
6983,4
6984,6
6988,8
6990,0
6992,3
6999,2
7000,7
7002,5
7004,4
7005,4
7007,6
7009,0
7015,5
7016,6
7020,2
7021,9
7022,9
7029,6
7032,1
7034,6
7035,6
7038,7
7040,4
7041,2
7042,6
7043,7
7047,6
7048,0
7052,4
7053,2
7056,8
7058,0
7059,1
7062,7
7065,1
7066,2
7068,6
7069,4
7070,9
7072,3
7073,3
7076,1
7077,3
7084,0
7086,4
7087,3
7088,8
7089,3
7090,7
7091,7
7093,2
7095,1
7096,5
7097,5
7098,5
7099,4
7103,6
7111,6
7115,7
7119,2
7122,4
7125,3
7126,4
7128,8
7129,9
7130,7
7138,5
7139,8
7140,8
7142,0
7143,6
7145,2
7146,4
7149,9
7153,0
7155,2
7158,3
7160,2
7162,4
7165,8
7166,5
7168,3
7171,5
7172,8
7175,6
7176,8
7183,3
7190,1
7192,9
7194,0
7195,9
7196,5
7198,3
7202,2
7203,6
7205,5
7206,0
7208,1
7212,7
7215,7
7218,2
7219,4
7221,6
7222,2
7223,0
7228,1
7229,1
7230,6
7231,2
7232,1
7233,7
7235,5
7237,2
7238,3
7241,6
7243,8
7246,5
7254,6
7255,3
7257,0
7258,5
7259,4
7262,9
7263,0
7265,9
7266,7
7267,2
7268,3
7271,2
7272,2
7274,6
7275,0
7276,3
7277,4
7278,9
7280,2
7282,9
7283,7
7288,9
7290,9
7291,1
7294,5
7295,9
7300,6
7302,3
7303,4
7305,8
7307,6
7310,9
7311,7
7315,7
7317,9
7318,3
7320,4
7322,1
7326,1
7327,8
7329,3
7331,6
7332,9
7333,6
7335,8
7336,5
7340,7
7343,4
7346,9
7348,1
7351,6
7352,2
7354,6
7359,9
7361,2
7362,7
7365,1
7367,0
7371,3
7372,7
7376,7
7378,7
7381,5
7384,2
7387,0
7388,1
7389,8
7390,3
7392,6
7393,6
7395,3
7398,1
7401,7
7402,7
7404,0
7406,5
7407,0
7409,4
7410,9
7411,7
7412,2
7413,6
7415,4
7418,8
7424,1
7426,7
7427,8
7428,5
7429,7
7431,7
7435,3
7439,1
7443,9
7444,2
7447,5
7449,2
7452,8
7453,4
7456,1
7458,6
7460,1
7461,7
7463,9
7468,4
7470,7
7471,6
7474,0
7475,7
7476,3
7477,7
7478,9
7481,7
7482,4
7483,0
7485,7
7486,9
7487,9
7488,4
7489,2
7490,3
7492,7
7493,1
7496,2
7497,8
7498,5
7499,0
7500,2
7502,3
7506,1
7507,7
7512,8
7513,0
7514,5
7520,8
7523,2
7525,5
7530,4
7531,7
7532,6
7533,6
7535,9
7536,1
7539,9
7542,7
7543,3
7544,4
7546,4
7547,8
7548,3
7549,8
7550,9
7552,0
7556,4
7557,0
7558,5
7559,3
7560,6
7563,1
7568,1
7573,4
7575,6
7576,9
7577,8
7580,8
7581,4
7582,1
7583,4
7584,7
7585,5
7588,7
7589,0
7591,6
7592,8
7596,4
7597,5
7598,4
7599,2
7605,1
7607,9
7609,9
7610,8
7611,4
7612,7
7614,2
7620,0
7621,8
7629,8
7630,0
7638,6
7641,8
7642,3
7643,1
7646,1
7647,8
7651,5
7654,0
7656,6
7657,3
7658,9
7660,0
7661,6
7663,1
7665,0
7667,0
7671,6
7674,7
7675,5
7676,8
7677,4
7681,5
7682,8
7684,9
7686,1
7687,0
7689,0
7691,2
7694,0
7697,2
7700,7
7701,1
7705,8
7706,9
7708,2
7709,1
7710,7
7711,8
7712,9
7714,8
7716,3
7720,5
7723,3
7724,7
7726,0
7728,5
7729,0
7731,6
7732,8
7734,6
7736,2
7737,0
7738,4
7739,3
7743,5
7745,7
7746,6
7748,4
7749,0
7751,6
7753,1
7755,2
7759,4
7762,0
7764,8
7766,5
7769,1
7770,6
7772,1
7775,1
7777,4
7778,7
7780,4
7781,1
7782,4
7784,8
7785,2
7788,8
7790,7
7792,9
7796,6
7797,0
7798,4
7801,3
7803,4
7804,5
7806,6
7809,9
7810,1
7812,9
7813,1
7814,8
7815,6
7816,0
7820,2
7821,6
7824,0
7826,8
7827,0
7829,3
7830,1
7831,6
7836,4
7838,0
7839,1
7841,2
7845,9
7847,6
7848,0
7849,8
7851,7
7852,8
7854,5
7856,7
7857,5
7859,3
7860,8
7861,2
7862,2
7864,7
7867,9
7870,6
7873,4
7875,3
7876,9
7880,3
7882,1
7884,0
7887,1
7888,4
7892,3
7895,4
7897,1
7899,7
7900,7
7903,5
7907,3
7908,3
7911,3
7912,1
7914,0
7915,3
7916,2
7917,2
7920,8
7921,4
7922,6
7924,9
7926,3
7928,8
7929,9
7931,5
7934,7
7936,0
7937,7
7938,9
7940,4
7941,4
7944,1
7947,8
7952,8
7953,8
7954,3
7956,3
7957,0
7958,7
7963,7
7969,6
7970,4
7972,5
7973,2
7975,0
7977,3
7979,4
7980,3
7981,5
7985,5
7987,3
7988,0
7990,3
7996,6
8000,8
8001,7
8003,2
8004,7
8005,4
8006,8
8008,4
8010,1
8012,7
8014,1
8016,7
8018,9
8020,2
8021,8
8022,2
8025,9
8028,7
8032,6
8034,5
8037,2
8038,7
8040,3
8041,5
8043,2
8045,7
8047,7
8051,6
8052,8
8055,8
8056,2
8057,4
8058,2
8060,8
8063,2
8065,4
8069,2
8073,9
8074,3
8075,1
8077,0
8078,3
8079,8
8082,7
8083,0
8085,3
8086,1
8088,5
8092,0
8093,6
8095,0
8096,2
8097,3
8098,1
8099,6
8102,1
8103,5
8104,1
8105,7
8106,7
8107,5
8108,6
8109,5
8113,9
8114,8
8117,0
8119,1
8120,9
8122,8
8123,0
8124,1
8126,9
8130,6
8132,0
8133,1
8134,2
8135,2
8136,1
8137,8
8144,0
8147,6
8149,8
8150,6
8151,3
8152,8
8156,5
8157,5
8158,0
8159,9
8160,3
8164,3
8165,5
8167,1
8169,7
8171,9
8174,2
8175,0
8177,0
8178,0
8180,1
8183,0
8185,5
8186,0
8187,3
8188,5
8189,2
8192,0
8193,6
8195,8
8197,4
8200,2
8203,1
8204,3
8205,3
8206,8
8209,7
8210,2
8212,8
8213,8
8215,3
8216,8
8219,7
8220,1
8221,1
8223,0
8224,0
8225,7
8226,2
8227,1
8228,8
8230,8
8232,7
8234,0
8235,2
8237,7
8239,4
8241,3
8242,9
8244,1
8245,6
8247,3
8248,5
8249,8
8251,8
8252,6
8253,7
8255,8
8259,7
8262,9
8265,4
8266,4
8269,6
8270,9
8273,1
8274,5
8283,1
8284,5
8285,5
8286,5
8290,8
8291,4
8292,5
8293,8
8295,9
8297,3
8298,2
8300,5
8301,9
8303,1
8304,2
8305,6
8306,1
8307,8
8309,9
8310,0
8311,8
8312,8
8313,7
8318,3
8322,2
8324,4
8327,6
8329,4
8333,7
8335,1
8336,7
8337,3
8340,9
8342,5
8343,4
8344,3
8348,9
8350,2
8354,1
8356,2
8357,9
8362,8
8367,0
8368,5
8369,3
8371,5
8373,1
8374,6
8375,1
8378,2
8382,6
8383,1
8384,4
8385,9
8387,5
8390,6
8392,4
8393,5
8395,9
8397,0
8399,3
8402,7
8403,7
8405,4
8406,5
8412,1
8415,4
8417,4
